카테고리리,상품명,번역된 상품명,가격,image_url
おにぎり,MCTオイルが摂れる　梅おかかおにぎり(国産もち麦入り),MCT 오일이있는 자두 오카라 라이스 볼 (국내 모치 보리 포함),181円,https://www.lawson.co.jp/recommend/original/detail/img/l782880.jpg
おにぎり,金しゃりおにぎり　いくら醤油漬,"킨 샤리 라이스 볼, 간장에 절인",297,https://www.lawson.co.jp/recommend/original/detail/img/l778190.jpg
おにぎり,金しゃりおにぎり　焼さけハラミ,구운 연어를 곁들인 황금 쌀 공,297,https://www.lawson.co.jp/recommend/original/detail/img/l778189.jpg
おにぎり,金しゃりおにぎり　鮭明太(北海道産),"Kinshari Rice Ball, Salmon Mentai (Hokkaido에서)",235,https://www.lawson.co.jp/recommend/original/detail/img/l781514.jpg
おにぎり,金しゃりおにぎり　熟成生たらこ,황금 쌀 공 - 노화 된 생 쌀 공,268,https://www.lawson.co.jp/recommend/original/detail/img/l778192.jpg
おにぎり,金しゃりおにぎり　わさび醤油仕立ての漬けサーモン(三陸産銀鮭),Kinshari Rice Ball- 와사비 간장으로 만든 절인 연어 (Sanriku Silver Salmon),235,https://www.lawson.co.jp/recommend/original/detail/img/l777423.jpg
おにぎり,金しゃりおにぎり　黒毛和牛カルビ焼肉,Kinshari Rice Balls -Kuroge Wagyu Beef Kalbi Yakiniku,311,https://www.lawson.co.jp/recommend/original/detail/img/l780969.jpg
おにぎり,金しゃりおにぎり　塩にぎり,"킨 샤리 라이스 볼, 소금 쌀 공",138,https://www.lawson.co.jp/recommend/original/detail/img/l780967.jpg
おにぎり,大きなおにぎり　鮭,"큰 쌀 공, 연어",279,https://www.lawson.co.jp/recommend/original/detail/img/l778194.jpg
おにぎり,大きなおにぎり　シーチキン®マヨネーズ,큰 라이스 볼 바다 치킨 ® 마요네즈,268,https://www.lawson.co.jp/recommend/original/detail/img/l778195.jpg
おにぎり,大きなおにぎり　沢庵としそわかめ,큰 라이스 볼 -Sashimi와 Shisowakame,235,https://www.lawson.co.jp/recommend/original/detail/img/l778166.jpg
おにぎり,大きなおにぎり　チャーハン,"큰 쌀 공, 볶음밥",257円,https://www.lawson.co.jp/recommend/original/detail/img/l782092.jpg
おにぎり,具！おにぎり　ポーク玉子(シーチキン®マヨネーズ),재료!라이스 볼 돼지 달걀 (Sei Chicken® Mayonnaise),322,https://www.lawson.co.jp/recommend/original/detail/img/l781479.jpg
おにぎり,具！おにぎり　まるでまぐろたたき丼(とろたく風),재료!Onigiri- 참치 타타키 그릇처럼 (토런트 스타일),354,https://www.lawson.co.jp/recommend/original/detail/img/l780247.jpg
おにぎり,具！おにぎり　まるでチキン南蛮丼,재료!치킨 난반 보울 같은 쌀 공,354,https://www.lawson.co.jp/recommend/original/detail/img/l780258.jpg
おにぎり,悪魔のおにぎり　ブラックラーメンの汁味,악마의 쌀 공 - 검은라면의 수프,192円,https://www.lawson.co.jp/recommend/original/detail/img/l782088.jpg
おにぎり,手巻おにぎり　シーチキン®マヨネーズ,손으로 포장 된 Rice Ball Sea Chicken® Mayonnaise,157,https://www.lawson.co.jp/recommend/original/detail/img/l759337.jpg
おにぎり,手巻おにぎり　熟成紀州南高梅,손으로 포장 된 쌀 공 - 노화 된 Kishu Nanko 자두,167,https://www.lawson.co.jp/recommend/original/detail/img/l778187.jpg
おにぎり,手巻おにぎり　熟成紅鮭,"손으로 포장 된 쌀 공, 노화 된 연어",203,https://www.lawson.co.jp/recommend/original/detail/img/l778295.jpg
おにぎり,手巻おにぎり　熟成辛子明太子,수작업 쌀 공 - 노화 된 매운 멘타이코,203,https://www.lawson.co.jp/recommend/original/detail/img/l778296.jpg
おにぎり,手巻おにぎり　北海道産日高昆布,손으로 포장 된 라이스 볼 -Hokkaido에서 만든 Hidaka Konbu,167,https://www.lawson.co.jp/recommend/original/detail/img/l778186.jpg
おにぎり,味付海苔手巻おにぎり　追い鰹製法おかか,양념 된 Nori의 손으로 포장 된 쌀 공 - 오치 보시기 제조 방법,167,https://www.lawson.co.jp/recommend/original/detail/img/l777916.jpg
おにぎり,和風シーチキン®マヨネーズおにぎり,일본식 바다 치킨 ® 마요네즈 라이스 볼,167,https://www.lawson.co.jp/recommend/original/detail/img/l777927.jpg
おにぎり,チャーシューマヨネーズおにぎり,Char Siu Mayonnaise Rice Ball,181,https://www.lawson.co.jp/recommend/original/detail/img/l777924.jpg
おにぎり,胡麻さけおにぎり,참깨 사케 쌀 볼,167,https://www.lawson.co.jp/recommend/original/detail/img/l777932.jpg
おにぎり,わかめごはんおにぎり,Wakame Rice Ball,167,https://www.lawson.co.jp/recommend/original/detail/img/l777931.jpg
おにぎり,だしおにぎり(おかか),Dashi Rice Ball (삶은 쌀 공),138,https://www.lawson.co.jp/recommend/original/detail/img/l779224.jpg
おにぎり,だしおにぎり(日高昆布),Dashi Rice Ball (Hidaka Konbu),138,https://www.lawson.co.jp/recommend/original/detail/img/l780970.jpg
おにぎり,阿波尾鶏の鶏五目おにぎり,awao 치킨 roe 라이스 볼,181,https://www.lawson.co.jp/recommend/original/detail/img/l777925.jpg
おにぎり,北海道十勝産小豆　赤飯おこわ,Hokkaido Tokachi의 붉은 쌀 콩,181,https://www.lawson.co.jp/recommend/original/detail/img/l777928.jpg
おにぎり,たっぷり食物繊維が摂れる　枝豆と塩昆布おにぎり(国産もち麦入り),에다메와 소금에 절인 켈프 쌀 공은식이 섬유를 많이 가져 오는 (국내에서 생산 된 모키 보리와 함께),171,https://www.lawson.co.jp/recommend/original/detail/img/l777929.jpg
おにぎり,たっぷり食物繊維が摂れる　梅しそごはんおにぎり(国産もち麦入り),자두 Shisogo Rice Onigiri (국내에서 생산 된 멍청한 보리)는식이 섬유를 충분히 제공합니다.,171,https://www.lawson.co.jp/recommend/original/detail/img/l777930.jpg
おにぎり,おにぎり2個入り(鮭・おかか),おにぎり2個入り(鮭・おかか),279,https://www.lawson.co.jp/recommend/original/detail/img/l777424.jpg
おにぎり,おにぎりおかずセット(シーチキン®マヨネーズ・鮭),"Onigiri 반찬 세트 (Sei Chicken® Mayonnaise, Salmon)",419,https://www.lawson.co.jp/recommend/original/detail/img/l779933.jpg
お寿司,赤しゃりのにぎり寿司　8貫,Akashiri No Nigiri Sushi 8 조각,754円,https://www.lawson.co.jp/recommend/original/detail/img/l782881.jpg
お寿司,手巻寿司　海老マヨ,손으로 롤링 된 스시 새우 마요네즈,246,https://www.lawson.co.jp/recommend/original/detail/img/l777900.jpg
お寿司,手巻寿司　ねぎとろ,손으로 롤링 된 스시 - 양파 토로,246,https://www.lawson.co.jp/recommend/original/detail/img/l777899.jpg
お寿司,手巻寿司　サーモンマヨ,"손으로 롤링 된 초밥, 연어 마요네즈",246,https://www.lawson.co.jp/recommend/original/detail/img/l777902.jpg
お寿司,手巻寿司　納豆,손으로 롤링 된 스시 나토,203,https://www.lawson.co.jp/recommend/original/detail/img/l769778.jpg
お寿司,もったいない手巻寿司　焼穴子と玉子,젖은 손으로 달린 스시 - 야키고와 계란,225,https://www.lawson.co.jp/recommend/original/detail/img/l780435.jpg
お寿司,もったいない手巻寿司 漬けまぐろ,젖은 손으로 롤링 된 스시 절인 참치,225,https://www.lawson.co.jp/recommend/original/detail/img/l780434.jpg
お寿司,細巻納豆　12巻,"얇은 롤 Natto, 12 권",397,https://www.lawson.co.jp/recommend/original/detail/img/l777910.jpg
お寿司,サラダ巻,샐러드 롤,451,https://www.lawson.co.jp/recommend/original/detail/img/l777906.jpg
お寿司,助六寿司,Sukeroku Sushi,518,https://www.lawson.co.jp/recommend/original/detail/img/l771283.jpg
お寿司,おいなりさん　たけのこ,"Oinari-san, 대나무 싹",192,https://www.lawson.co.jp/recommend/original/detail/img/l777422.jpg
お寿司,いなり　3個入,이나리 3 조각,289,https://www.lawson.co.jp/recommend/original/detail/img/l763539.jpg
お寿司,寿司おかずセット(いなりと筍ちらし),초밥 반찬 세트 (Inari and Bamboo Shot Chirashi),397,https://www.lawson.co.jp/recommend/original/detail/img/l777280.jpg
お寿司,サラダキンパ,샐러드 킨파,397,https://www.lawson.co.jp/recommend/original/detail/img/l780439.jpg
お弁当,タルタルイカフライ弁当,튀긴 오징어 타르타르 벤토,448円,https://www.lawson.co.jp/recommend/original/detail/img/l781372.jpg
お弁当,おにぎり弁当,Onigiri Bento,497,https://www.lawson.co.jp/recommend/original/detail/img/l778875.jpg
お弁当,のり弁当,노리 벤토,497,https://www.lawson.co.jp/recommend/original/detail/img/l779049.jpg
お弁当,二色そぼろ弁当,2 색 다진 벤토,397,https://www.lawson.co.jp/recommend/original/detail/img/l759860.jpg
お弁当,チャーシュー弁当,Char Siu Bento,397,https://www.lawson.co.jp/recommend/original/detail/img/l762913.jpg
お弁当,天かすご飯,튀김 쌀,297,https://www.lawson.co.jp/recommend/original/detail/img/l778874.jpg
お弁当,おかずいろいろ幕の内,다양한 반찬,646,https://www.lawson.co.jp/recommend/original/detail/img/l775609.jpg
お弁当,おかズドン！甘辛鶏唐揚弁当,오카즈 돈!달콤하고 매운 닭고기 프라이드 벤토,599,https://www.lawson.co.jp/recommend/original/detail/img/l778876.jpg
チルド弁当,おろしポン酢で食べる鶏竜田揚げ弁当,치킨 타츠타 튀김 벤츠와 강판 판주,646円,https://www.lawson.co.jp/recommend/original/detail/img/l780447.jpg
チルド弁当,キムチ牛カルビ丼,김치 쇠고기 칼비 그릇,646円,https://www.lawson.co.jp/recommend/original/detail/img/l780448.jpg
チルド弁当,これがのり弁当,이것은 Nori Bento입니다,646,https://www.lawson.co.jp/recommend/original/detail/img/l776015.jpg
チルド弁当,これがチキン南蛮弁当,이것은 치킨 난반 벤토입니다,697,https://www.lawson.co.jp/recommend/original/detail/img/l758162.jpg
チルド弁当,牛丼,쇠고기 그릇,599,https://www.lawson.co.jp/recommend/original/detail/img/l778880.jpg
チルド弁当,ねぎ塩豚カルビ丼(もち麦入りご飯),녹색 양파 소금에 절인 돼지 고기 칼비 그릇 (멍청한 보리 밥),599,https://www.lawson.co.jp/recommend/original/detail/img/l784012.jpg
チルド弁当,高知県産生姜の豚生姜焼弁当,코치 현 생강 구이 벤토,697,https://www.lawson.co.jp/recommend/original/detail/img/l776016.jpg
チルド弁当,ヨード卵・光®のロースかつ丼,요오드 계란과 Hikari® 허리 커틀 그릇,697,https://www.lawson.co.jp/recommend/original/detail/img/l784011.jpg
チルド弁当,ボルドー産赤ワイン仕立てのデミソースハンバーグ弁当,보르도에서 레드 와인으로 만든 데미 사우스 햄버거 벤토,697,https://www.lawson.co.jp/recommend/original/detail/img/l778879.jpg
チルド弁当,牛カルビスパイスカレー,쇠고기 칼비 스파이스 카레,697,https://www.lawson.co.jp/recommend/original/detail/img/l775767.jpg
チルド弁当,グリル満天星お墨付き　オムライス,구운 맨텐 스타 오믈렛 라이스,697,https://www.lawson.co.jp/recommend/original/detail/img/l771799.jpg
チルド弁当,よくばり合体メシ　炒飯＆中華風焼そば,볶음밥과 중국식 튀긴 국수의 맛있는 조합,743,https://www.lawson.co.jp/recommend/original/detail/img/l780842.jpg
チルド弁当,よくばり合体メシ　オムライス＆ナポリタン,오믈렛 쌀과 나폴리의 맛있는 조합,743,https://www.lawson.co.jp/recommend/original/detail/img/l775757.jpg
サンドイッチ・ロールパン,クラブハウスサンド,클럽 하우스 모래,430円,https://www.lawson.co.jp/recommend/original/detail/img/l781378.jpg
サンドイッチ・ロールパン,いちごクリームサンド,딸기 크림 샌드위치,322円,https://www.lawson.co.jp/recommend/original/detail/img/l781588.jpg
サンドイッチ・ロールパン,たまごサンド,계란 샌드위치,279,https://www.lawson.co.jp/recommend/original/detail/img/l781375.jpg
サンドイッチ・ロールパン,ツナたまごサンド,참치 계란 샌드위치,289,https://www.lawson.co.jp/recommend/original/detail/img/l780444.jpg
サンドイッチ・ロールパン,ハムたまごサンド,햄 달걀 샌드위치,376,https://www.lawson.co.jp/recommend/original/detail/img/l740911.jpg
サンドイッチ・ロールパン,ミックスサンド,혼합 모래,333,https://www.lawson.co.jp/recommend/original/detail/img/l778400.jpg
サンドイッチ・ロールパン,野菜ミックスサンド,야채 혼합 샌드위치,354,https://www.lawson.co.jp/recommend/original/detail/img/l778883.jpg
サンドイッチ・ロールパン,ポテトサラダサンド,감자 샐러드 샌드위치,297,https://www.lawson.co.jp/recommend/original/detail/img/l778881.jpg
サンドイッチ・ロールパン,レタスサンド,양상추 샌드위치,333,https://www.lawson.co.jp/recommend/original/detail/img/l757803.jpg
サンドイッチ・ロールパン,ハムサンド,햄 샌드위치,343,https://www.lawson.co.jp/recommend/original/detail/img/l775769.jpg
サンドイッチ・ロールパン,ハムチーズたまごサンド,햄 치즈 에그 샌드위치,365,https://www.lawson.co.jp/recommend/original/detail/img/l778403.jpg
サンドイッチ・ロールパン,ハムカツサンド,햄 커틀릿 샌드위치,365,https://www.lawson.co.jp/recommend/original/detail/img/l757806.jpg
サンドイッチ・ロールパン,チキンカツサンド,치킨 커틀릿 샌드위치,419,https://www.lawson.co.jp/recommend/original/detail/img/l757804.jpg
サンドイッチ・ロールパン,照焼チキンたまごサンド,테루야키 치킨 달걀 샌드위치,354,https://www.lawson.co.jp/recommend/original/detail/img/l781374.jpg
サンドイッチ・ロールパン,フルーツミックスサンド,과일 혼합 샌드위치,408円,https://www.lawson.co.jp/recommend/original/detail/img/l780446.jpg
サンドイッチ・ロールパン,ハムたまごBOX,햄 달걀 상자,354,https://www.lawson.co.jp/recommend/original/detail/img/l781376.jpg
サンドイッチ・ロールパン,たまご焼BOX,계란 야키 박스,343円,https://www.lawson.co.jp/recommend/original/detail/img/l780445.jpg
サンドイッチ・ロールパン,ヒレカツBOX,핀 커틀릿 상자,462,https://www.lawson.co.jp/recommend/original/detail/img/l754457.jpg
サンドイッチ・ロールパン,ROLLサンド　生ハムマスカルポーネ,롤 모래 Prosciutto Mascarpone,376,https://www.lawson.co.jp/recommend/original/detail/img/l780440.jpg
サンドイッチ・ロールパン,ROLLサンド　BLT,롤 샌드 빌트,376,https://www.lawson.co.jp/recommend/original/detail/img/l780441.jpg
サンドイッチ・ロールパン,ホットドッグ,핫도그,235,https://www.lawson.co.jp/recommend/original/detail/img/l778401.jpg
サンドイッチ・ロールパン,チーズバーガー,치즈 버거,268,https://www.lawson.co.jp/recommend/original/detail/img/l754531.jpg
サンドイッチ・ロールパン,バターソースとふわふわパンケーキ,버터 소스를 곁들인 푹신한 팬케이크,257,https://www.lawson.co.jp/recommend/original/detail/img/l770976.jpg
サンドイッチ・ロールパン,ピザロール　クアトロフォルマッジ,피자 롤 Quattro Shumpudge,297,https://www.lawson.co.jp/recommend/original/detail/img/l763204.jpg
サンドイッチ・ロールパン,ピザロール　ベーコン＆チーズ,피자 롤 베이컨 & 치즈,297,https://www.lawson.co.jp/recommend/original/detail/img/l763205.jpg
サンドイッチ・ロールパン,ピザロール　あらびきウインナー2本,피자 롤 -2 Arabiki Wieners,365,https://www.lawson.co.jp/recommend/original/detail/img/l763203.jpg
サンドイッチ・ロールパン,ピザロール　ハム＆チーズ,피자 롤 햄 & 치즈,257,https://www.lawson.co.jp/recommend/original/detail/img/l763202.jpg
サンドイッチ・ロールパン,ピザロール　マルゲリータ,피자 롤 마르 게리타,257,https://www.lawson.co.jp/recommend/original/detail/img/l763201.jpg
ベーカリー,バゲットクロワッサン　たまご,바게트 크루아상 계란,181円,https://www.lawson.co.jp/recommend/original/detail/img/l781542.jpg
ベーカリー,バゲットクロワッサン　おいも,바게트 크루아상 고구마,160円,https://www.lawson.co.jp/recommend/original/detail/img/l781541.jpg
ベーカリー,シュガーバターフランス,설탕 버터 프랑스,160円,https://www.lawson.co.jp/recommend/original/detail/img/l781540.jpg
ベーカリー,レーズンフランス　4枚入,건포도 프랑스 4 조각,181円,https://www.lawson.co.jp/recommend/original/detail/img/l781544.jpg
ベーカリー,紅はるかのおいも蒸しパン　4個入,"Beni Haruka의 Oimo 찐 빵, 4 조각",203円,https://www.lawson.co.jp/recommend/original/detail/img/l781543.jpg
ベーカリー,ふわサクっ！メロンパン,푹신하고 바삭하게!멜론 빵,138,https://www.lawson.co.jp/recommend/original/detail/img/l782072.jpg
ベーカリー,じゅわバタ塩メロンパン,소금에 절인 멜론 빵,160,https://www.lawson.co.jp/recommend/original/detail/img/l778356.jpg
ベーカリー,チョコメロンパン　角切りチョコ＆チョコホイップ,초콜릿 멜론 빵 - 젓가락 및 초콜릿 채찍,171,https://www.lawson.co.jp/recommend/original/detail/img/l781854.jpg
ベーカリー,つぶあんぱん,욕조 팬,138,https://www.lawson.co.jp/recommend/original/detail/img/l778199.jpg
ベーカリー,もっちドーナツ(こしあん),모치 도넛 (코시안),138,https://www.lawson.co.jp/recommend/original/detail/img/l755342.jpg
ベーカリー,もっちりとしたドーナツ　チョコ＆いちご　2個入,"질긴 도넛, 초콜릿 및 딸기, 2 조각으로 포장",181円,https://www.lawson.co.jp/recommend/original/detail/img/l782365.jpg
ベーカリー,牛乳仕込みのザクっとチュロッキー,우유로 만든 바삭 바삭한 churlock,138,https://www.lawson.co.jp/recommend/original/detail/img/l765584.jpg
ベーカリー,デニッシュドーナツ,덴마크 도넛,138,https://www.lawson.co.jp/recommend/original/detail/img/l776403.jpg
ベーカリー,ツイストドーナツ　カスタード＆ホイップ,도넛 커스터드 & 채찍 트위스트,149,https://www.lawson.co.jp/recommend/original/detail/img/l771011.jpg
ベーカリー,チョコクロワッサン,초콜릿 크로와상,160,https://www.lawson.co.jp/recommend/original/detail/img/l768310.jpg
ベーカリー,ダブルホイップクロワッサン,이중 채찍 크루아상,160,https://www.lawson.co.jp/recommend/original/detail/img/l780171.jpg
ベーカリー,バター香るパンスイス　チョコ＆カスタード,버터 빵 스위스 초콜릿과 커스터드,171,https://www.lawson.co.jp/recommend/original/detail/img/l775561.jpg
ベーカリー,バター香るパンスイス　抹茶＆あずき,버터 빵 스위스 말차 및 아즈키,171,https://www.lawson.co.jp/recommend/original/detail/img/l779674.jpg
ベーカリー,バター香るクイニーアマン,버터 퀴니 아만,149,https://www.lawson.co.jp/recommend/original/detail/img/l777553.jpg
ベーカリー,スイートポテト＆アップルパイ,고구마와 사과 파이,160,https://www.lawson.co.jp/recommend/original/detail/img/l780179.jpg
ベーカリー,十勝バターとたまごの旨じゅわフレンチトースト,도카치 버터와 달걀 맛있는 프렌치 토스트,149,https://www.lawson.co.jp/recommend/original/detail/img/l757104.jpg
ベーカリー,シュガーマーガリンブレッド,설탕 마가린 빵,138,https://www.lawson.co.jp/recommend/original/detail/img/l774505.jpg
ベーカリー,ふんわりコッペ　苺ジャム＆マーガリン,푹신한 Coppe Strawberry Jam과 Margarine,149,https://www.lawson.co.jp/recommend/original/detail/img/l779382.jpg
ベーカリー,ふんわりコッペ　あんこ＆マーガリン,푹신한 코프 콩 페이스트와 마가린,149,https://www.lawson.co.jp/recommend/original/detail/img/l779383.jpg
ベーカリー,白いふわふわパン　チョコクリーム,흰색 푹신한 빵 초콜릿 크림,149,https://www.lawson.co.jp/recommend/original/detail/img/l773058.jpg
ベーカリー,もっちチョコパン,모키 초콜릿 빵,127,https://www.lawson.co.jp/recommend/original/detail/img/l764359.jpg
ベーカリー,ふわもちパンケーキ　メープル＆マーガリン　2個入,"푹신한 팬케이크, 단풍 나무 및 마가린, 2 조각",127,https://www.lawson.co.jp/recommend/original/detail/img/l755714.jpg
ベーカリー,いちごクレープケーキ,딸기 크레페 케이크,160,https://www.lawson.co.jp/recommend/original/detail/img/l779839.jpg
ベーカリー,ふんわりたまご蒸しケーキ,푹신한 찐 계란 케이크,138,https://www.lawson.co.jp/recommend/original/detail/img/l770949.jpg
ベーカリー,国産小麦のふわふわたまごシフォンケーキ,국내 밀로 만든 푹신한 계란 시폰 케이크,160円,https://www.lawson.co.jp/recommend/original/detail/img/l779853.jpg
ベーカリー,濃厚ミルクフランス　北海道産練乳・生クリーム使用,풍부한 우유 프랑스,160,https://www.lawson.co.jp/recommend/original/detail/img/l767417.jpg
ベーカリー,Ｌチキバンズ,L 키키 밴드,84円,https://www.lawson.co.jp/recommend/original/detail/img/l781250.jpg
ベーカリー,牛肉入りカレーパン,쇠고기를 곁들인 카레 빵,149,https://www.lawson.co.jp/recommend/original/detail/img/l756536.jpg
ベーカリー,半熟卵入りカレーパン,반 굽은 계란을 곁들인 카레 빵,214,https://www.lawson.co.jp/recommend/original/detail/img/l775565.jpg
ベーカリー,てりやきハンバーガー,테리야키 햄버거,192,https://www.lawson.co.jp/recommend/original/detail/img/l759998.jpg
ベーカリー,はみでるバーガーメンチカツ,Hamideru Burger Menchi Cutlet,203,https://www.lawson.co.jp/recommend/original/detail/img/l748644.jpg
ベーカリー,牛肉入りコロッケパン,쇠고기를 곁들인 크로켓 빵,181,https://www.lawson.co.jp/recommend/original/detail/img/l764358.jpg
ベーカリー,具！パン　あふれるコーンマヨ,재료!빵 : 넘쳐나는 옥수수 마요네즈,300,https://www.lawson.co.jp/recommend/original/detail/img/l779837.jpg
ベーカリー,具！パン　ハムカツ＆焼きそば,"재료!빵, 햄 커틀 및 튀긴 국수",300,https://www.lawson.co.jp/recommend/original/detail/img/l779384.jpg
ベーカリー,焼きそばパン,야키소바 빵,171,https://www.lawson.co.jp/recommend/original/detail/img/l778089.jpg
ベーカリー,塩焼きそばパン,소금에 절인 튀긴 국수 빵,171,https://www.lawson.co.jp/recommend/original/detail/img/l771130.jpg
ベーカリー,あらびきウインナー＆カレー,Arabiki Wiener & Curry,171,https://www.lawson.co.jp/recommend/original/detail/img/l747086.jpg
ベーカリー,あらびきポークフランクロール,아라비드 돼지 고기 측면 롤,181,https://www.lawson.co.jp/recommend/original/detail/img/l739812.jpg
ベーカリー,あらびきチョリソーパン,아라비키 쵸 리조 팬,160,https://www.lawson.co.jp/recommend/original/detail/img/l779851.jpg
ベーカリー,あらびきソーセージパン,아라비키 소시지 빵,149,https://www.lawson.co.jp/recommend/original/detail/img/l769019.jpg
ベーカリー,こんがりチーズのベーコンマヨネーズ,베이컨 마요네즈와 황금 치즈,149,https://www.lawson.co.jp/recommend/original/detail/img/l758235.jpg
ベーカリー,こんがりコーンマヨネーズパン,황금 옥수수 마요네즈 빵,171,https://www.lawson.co.jp/recommend/original/detail/img/l770546.jpg
ベーカリー,こんがりチーズのハムデニッシュ,치즈 햄 다니쉬,171,https://www.lawson.co.jp/recommend/original/detail/img/l761232.jpg
ベーカリー,とろ〜りチーズパン,치즈 빵을 녹입니다,203,https://www.lawson.co.jp/recommend/original/detail/img/l778200.jpg
ベーカリー,もっちりとしたハムチーズパン,chewy 햄과 치즈 빵,127,https://www.lawson.co.jp/recommend/original/detail/img/l770196.jpg
ベーカリー,ごろっとたまごピザトースト,롤 에그 피자 토스트,214,https://www.lawson.co.jp/recommend/original/detail/img/l778809.jpg
ベーカリー,バター香る塩パン,버터 소금에 절인 빵,149,https://www.lawson.co.jp/recommend/original/detail/img/l770365.jpg
ベーカリー,追いバターポテトフランス,버터 감자 프랑스,192,https://www.lawson.co.jp/recommend/original/detail/img/l782451.jpg
ベーカリー,追いバター明太フランス,구조 버터 mentai 프랑스,192,https://www.lawson.co.jp/recommend/original/detail/img/l782450.jpg
ベーカリー,NL　ブランパン　2個入　〜乳酸菌入〜,NL Blancpain 2 조각 - 젖산 박테리아 포함,149,https://www.lawson.co.jp/recommend/original/detail/img/l768916.jpg
ベーカリー,NL　ブランパン　4個入　〜乳酸菌入〜,NL Blancpain 4 조각 - 젖산 박테리아 포함,279,https://www.lawson.co.jp/recommend/original/detail/img/l768917.jpg
ベーカリー,NL　ブラン入り食パン　4枚入　〜乳酸菌入〜,"NL Blanc 빵, 4 조각 - 젖산 박테리아 포함",189,https://www.lawson.co.jp/recommend/original/detail/img/l742619.jpg
ベーカリー,NL　もちもちとしたマーガリンサンド　2個入,NL -2 Chewy Margarine 샌드위치,149,https://www.lawson.co.jp/recommend/original/detail/img/l757427.jpg
ベーカリー,NL　もちもちとした白いパン　ハム＆チーズ　2個入,"NL -2 질긴 흰 빵, 햄과 치즈",149,https://www.lawson.co.jp/recommend/original/detail/img/l757429.jpg
ベーカリー,NL　もちもちとしたパン　チーズクリーム＆ダブルベリー　2個入,NL 소프트 빵 치즈 크림 및 더블 베리 2 조각,171,https://www.lawson.co.jp/recommend/original/detail/img/l757426.jpg
ベーカリー,NL　バランスサポートブレッド　チョコ＆バナナ　2個入,NL 밸런스 지원 빵 초콜릿 및 바나나 2 조각,192,https://www.lawson.co.jp/recommend/original/detail/img/l764601.jpg
ベーカリー,味わいの食パン　6枚入,6 조각의 빵,138,https://www.lawson.co.jp/recommend/original/detail/img/l772282_3.jpg
ベーカリー,香り豊かなもっちりとした食パン　6枚入,"향기롭고 질긴 빵, 6 조각",173,https://www.lawson.co.jp/recommend/original/detail/img/l752465_1.jpg
ベーカリー,香り豊かなもっちりとした食パン　8枚入,"향기롭고 질긴 빵, 8 조각",173,https://www.lawson.co.jp/recommend/original/detail/img/l752478_1.jpg
ベーカリー,そのまま食べて欲しい　贅沢食パン　4枚,당신이 먹고 싶은 고급스러운 빵 4 조각,408,https://www.lawson.co.jp/recommend/original/detail/img/l693989.jpg
ベーカリー,そのまま食べて欲しい　贅沢食パン　2枚,그대로 먹고 싶은 고급 빵 두 개,225,https://www.lawson.co.jp/recommend/original/detail/img/l693988.jpg
ベーカリー,国産小麦のバターロール　4個入,4에 포장 된 국내 밀 버터 롤,149,https://www.lawson.co.jp/recommend/original/detail/img/l778093.jpg
ベーカリー,国産小麦のマーガリン入りバターロール　4個入,4에 포장 된 국내 밀 마가린 버터 롤,160,https://www.lawson.co.jp/recommend/original/detail/img/l778095.jpg
ベーカリー,国産小麦のマーガリン入りレーズンバターロール　4個入,"국내 밀 마가린을 곁들인 건포도 버터 롤, 4 조각으로 포장",181,https://www.lawson.co.jp/recommend/original/detail/img/l778094.jpg
ベーカリー,ピザチーズパン　4個入,4로 포장 된 피자 치즈 빵,214,https://www.lawson.co.jp/recommend/original/detail/img/l772291.jpg
ベーカリー,ハムマヨデニッシュ　4個入,Ham Mayo Danish 4 조각,235円,https://www.lawson.co.jp/recommend/original/detail/img/l782600.jpg
ベーカリー,もっちりとしたチョコパン　4個入,"질긴 초콜릿 빵, 4 조각",181,https://www.lawson.co.jp/recommend/original/detail/img/l764361.jpg
ベーカリー,つぶあんぱん　4個入,콩 페이스트 4 조각,171,https://www.lawson.co.jp/recommend/original/detail/img/l779848.jpg
ベーカリー,クリームパン　4個入,크림 빵 4 조각,160,https://www.lawson.co.jp/recommend/original/detail/img/l781598.jpg
ベーカリー,苺ジャムパン　4個入,"딸기 잼 빵, 4 조각",160,https://www.lawson.co.jp/recommend/original/detail/img/l779846.jpg
ベーカリー,角切りりんごのデニッシュ　4個入,4 인용 사과 덴마크 팩,181,https://www.lawson.co.jp/recommend/original/detail/img/l762721.jpg
ベーカリー,バター香るスナックスティック　6本入,"버터 스낵 스틱, 6 조각",138,https://www.lawson.co.jp/recommend/original/detail/img/l775566.jpg
ベーカリー,チョコチップスナック　6本入,"초콜릿 칩 스낵, 6 병",138,https://www.lawson.co.jp/recommend/original/detail/img/l775567.jpg
ベーカリー,さっくり食感のバタースティックパイ　4本入,4로 포장 된 바삭한 버터 스틱 파이,181,https://www.lawson.co.jp/recommend/original/detail/img/l767959.jpg
ベーカリー,十勝バターのスティック　4本入,"토카치 버터 스틱, 4 팩",160,https://www.lawson.co.jp/recommend/original/detail/img/l781766.jpg
ベーカリー,チョコチップスコーン　4個入,초콜릿 칩 스콘 4 조각,235,https://www.lawson.co.jp/recommend/original/detail/img/l778198.jpg
ベーカリー,発酵バターのパンケーキ　8枚入,8 개 조각으로 포장 된 발효 버터 팬케이크,235,https://www.lawson.co.jp/recommend/original/detail/img/l778810.jpg
ベーカリー,チーズ蒸しケーキ　4個入,"치즈 찐 케이크, 4 조각",203,https://www.lawson.co.jp/recommend/original/detail/img/l779387.jpg
ベーカリー,チョコチュロッキー　4個入,초콜릿 churlocky 4 조각,214円,https://www.lawson.co.jp/recommend/original/detail/img/l781251.jpg
パスタ,ソースたっぷり　カルボナーラ,많은 소스를 곁들인 카르 보나라,599,https://www.lawson.co.jp/recommend/original/detail/img/l763431.jpg
パスタ,ソースたっぷり　ボロネーゼ,소스를 많이 곁들인 볼로냐,599,https://www.lawson.co.jp/recommend/original/detail/img/l763864.jpg
パスタ,こだわりおだし　醤油きのこ,"특수 대시, 간장 버섯",538,https://www.lawson.co.jp/recommend/original/detail/img/l776313.jpg
パスタ,こだわりおだし　桜島どりと九条ねぎ,Specialty Dashi : Sakurajima Rice 및 Kujo Negi,599,https://www.lawson.co.jp/recommend/original/detail/img/l777052.jpg
パスタ,こだわりおだし　北海道産たらこ,Specialty Dashi : Hokkaido-Grown Tarako,497,https://www.lawson.co.jp/recommend/original/detail/img/l776312.jpg
パスタ,特盛明太マヨネーズ,특별한 멘토 마요네즈,697,https://www.lawson.co.jp/recommend/original/detail/img/l776314.jpg
パスタ,ナポリタン,나폴리,497,https://www.lawson.co.jp/recommend/original/detail/img/l748884.jpg
パスタ,大盛ペペロンチーノ,큰 페페 론시 노,697,https://www.lawson.co.jp/recommend/original/detail/img/l720369.jpg
パスタ,大盛ミートソース,큰 부분 고기 소스,646,https://www.lawson.co.jp/recommend/original/detail/img/l720370.jpg
パスタ,大盛醤油にんにく,큰 부분 간장 마늘,697,https://www.lawson.co.jp/recommend/original/detail/img/l763357.jpg
そば・うどん・中華麺,月見とろろそば,Tsukimi Tororo Soba,646円,https://www.lawson.co.jp/recommend/original/detail/img/l781495.jpg
そば・うどん・中華麺,ミニネバネバそば,미니 끈적 끈적한 소바 국수,451円,https://www.lawson.co.jp/recommend/original/detail/img/l781499.jpg
そば・うどん・中華麺,ざるそば,자루 소바,451円,https://www.lawson.co.jp/recommend/original/detail/img/l781494.jpg
そば・うどん・中華麺,大盛ぶっかけそば,Bukkake Soba의 큰 서빙,599円,https://www.lawson.co.jp/recommend/original/detail/img/l781496.jpg
そば・うどん・中華麺,冷しそば＆いなり,차가운 소바 & 잉가,646円,https://www.lawson.co.jp/recommend/original/detail/img/l781497.jpg
そば・うどん・中華麺,おろしぶっかけうどん,강판 Bukkake Udon,497,https://www.lawson.co.jp/recommend/original/detail/img/l755357.jpg
そば・うどん・中華麺,手延べそうめん,손을 뻗은 서머,451,https://www.lawson.co.jp/recommend/original/detail/img/l753805_1.jpg
そば・うどん・中華麺,野菜かき揚げそば,야채 카키 게소,559,https://www.lawson.co.jp/recommend/original/detail/img/l766062.jpg
そば・うどん・中華麺,ミニ冷し中華,미니 차가운 중국어,430,https://www.lawson.co.jp/recommend/original/detail/img/l755361.jpg
そば・うどん・中華麺,冷し中華(醤油),차가운 중국어 (간장),599,https://www.lawson.co.jp/recommend/original/detail/img/l777086.jpg
そば・うどん・中華麺,盛岡風冷麺,모리오카 스타일의 차가운 국수,646,https://www.lawson.co.jp/recommend/original/detail/img/l776249.jpg
そば・うどん・中華麺,満腹濃厚豚ラーメン,완전히 풍부한 돼지 고기라면,745,https://www.lawson.co.jp/recommend/original/detail/img/l769026.jpg
そば・うどん・中華麺,天下一品監修　こってりラーメン,Tenkaichi가 만든 두꺼운라면,697,https://www.lawson.co.jp/recommend/original/detail/img/l770862.jpg
そば・うどん・中華麺,1食分の野菜ちゃんぽん,야채 샴페의 한 식사,559,https://www.lawson.co.jp/recommend/original/detail/img/l763922.jpg
そば・うどん・中華麺,大盛塩焼そば,큰 소금에 절인 튀긴 국수,497,https://www.lawson.co.jp/recommend/original/detail/img/l754099.jpg
そば・うどん・中華麺,大盛ソース焼そば,튀긴 국수의 큰 서빙,497,https://www.lawson.co.jp/recommend/original/detail/img/l753807.jpg
そば・うどん・中華麺,1/2日分の野菜が摂れる　あんかけ焼そば,1/2 일의 야채를 먹을 수있는 튀긴 국수와 야키소바,599,https://www.lawson.co.jp/recommend/original/detail/img/l740227.jpg
そば・うどん・中華麺,1/2日分の野菜が摂れる　焼ビーフン,1/2 일의 야채를 먹을 수있는 구운 쌀 국수,538,https://www.lawson.co.jp/recommend/original/detail/img/l751749.jpg
そば・うどん・中華麺,よくばりセットメシ　冷しちく鶏天うどん＆いなり,회색 세트 식사 : 콜드 치킨 튀김 우동과 이나리,697,https://www.lawson.co.jp/recommend/original/detail/img/l781228.jpg
アイス・フローズン,森半　宇治抹茶ワッフルコ—ン,Morihan Uji Matcha Waffle Kon,343円,https://www.lawson.co.jp/recommend/original/detail/img/l778479.jpg
アイス・フローズン,ウチカフェ　ミルクワッフルコーン,우리 카페 우유 와플 콘,300,https://www.lawson.co.jp/recommend/original/detail/img/l696833.jpg
アイス・フローズン,ウチカフェ　ショコラ＆ミルクワッフルコーン,Uchi Cafe Chocolat & Milk Waffle Cone,322,https://www.lawson.co.jp/recommend/original/detail/img/l720930.jpg
アイス・フローズン,ウチカフェ　リッチミルクバー,우리 카페 리치 밀크 바,192,https://www.lawson.co.jp/recommend/original/detail/img/l754653.jpg
アイス・フローズン,ウチカフェ　リッチミルクバー　マルチ　240ml,Uchicafe Rich Milk Bar Multi 240ml,516,https://www.lawson.co.jp/recommend/original/detail/img/l756747.jpg
アイス・フローズン,Uchi Café　抹茶ラテバー,Uchi Café matcha latte bar,216,https://www.lawson.co.jp/recommend/original/detail/img/l772523.jpg
アイス・フローズン,Uchi Café　日本のフルーツ　福岡県産あまおういちご〜北海道産牛乳仕立て〜,Uchi Café 일본 과일 : 후쿠오카 현의 Amao 딸기 - hokkaido의 우유로 만든 -,257,https://www.lawson.co.jp/recommend/original/detail/img/l769078.jpg
アイス・フローズン,Uchi Café　日本のフルーツ　沖縄県産パイン,"우치 카페 일본 과일, 오키나와의 파인애플",268,https://www.lawson.co.jp/recommend/original/detail/img/l776511.jpg
サラダ,たんぱく質が摂れる　国産鶏むね肉のサラダ,단백질을 제공하는 국내 닭 가슴살 샐러드,497円,https://www.lawson.co.jp/recommend/original/detail/img/l759155.jpg
サラダ,ピリ辛味噌だれで食べる　野菜スティック,매운 된장 소스와 함께 먹는 야채 막대기,289,https://www.lawson.co.jp/recommend/original/detail/img/l746305.jpg
サラダ,玉ねぎサラダ,양파 샐러드,257,https://www.lawson.co.jp/recommend/original/detail/img/l728105.jpg
サラダ,コーンサラダ,옥수수 샐러드,257,https://www.lawson.co.jp/recommend/original/detail/img/l728102.jpg
サラダ,シーチキン®＆コーンサラダ,Sea Chicken® & 옥수수 샐러드,289,https://www.lawson.co.jp/recommend/original/detail/img/l728103.jpg
サラダ,海老とブロッコリーのサラダ,새우와 브로콜리 샐러드,333,https://www.lawson.co.jp/recommend/original/detail/img/l749456.jpg
サラダ,海老といかの明太子サラダ,새우와 오징어 멘타이코 샐러드,333,https://www.lawson.co.jp/recommend/original/detail/img/l762154.jpg
サラダ,黒胡椒香るマカロニサラダ,후추 마카로니 샐러드,289,https://www.lawson.co.jp/recommend/original/detail/img/l726815.jpg
サラダ,コールスローサラダ,대학 슬로 샐러드,257,https://www.lawson.co.jp/recommend/original/detail/img/l763472.jpg
サラダ,たっぷりわかめのチョレギサラダ,Wakame Choregi 샐러드,378円,https://www.lawson.co.jp/recommend/original/detail/img/l704119.jpg
サラダ,蒸し鶏のサラダ,찐 치킨 샐러드,289,https://www.lawson.co.jp/recommend/original/detail/img/l728106.jpg
サラダ,食物繊維が摂れる　豆腐とひじきの和風サラダ,식이 섬유를 가져다주는 두부와 히지키 일본식 샐러드,289,https://www.lawson.co.jp/recommend/original/detail/img/l767538.jpg
サラダ,パリパリ麺のサラダ,바삭한 국수 샐러드,397円,https://www.lawson.co.jp/recommend/original/detail/img/l779615.jpg
サラダ,振っておいしいパスタサラダ　豚しゃぶ,면도 한 돼지 고기 슈바 부와 맛있는 파스타 샐러드,397,https://www.lawson.co.jp/recommend/original/detail/img/l779616.jpg
サラダ,振っておいしいパスタサラダ　トマトバジルチキン,토마토 바질 치킨을 곁들인 맛있는 파스타 샐러드,397,https://www.lawson.co.jp/recommend/original/detail/img/l780817.jpg
サラダ,振っておいしいパスタサラダ　海老明太子,면도 된 새우 멘토 이코가있는 맛있는 파스타 샐러드,397,https://www.lawson.co.jp/recommend/original/detail/img/l779528.jpg
サラダ,振っておいしいフォーサラダ　蒸し鶏,면도 한 찐 닭고기를 곁들인 맛있는 fo 샐러드,397,https://www.lawson.co.jp/recommend/original/detail/img/l780850.jpg
サラダ,振っておいしいラーメンサラダ　ピリ辛チャーシュー,향신료와 매운 숯불 끓인 맛있는라면 샐러드,397,https://www.lawson.co.jp/recommend/original/detail/img/l779613.jpg
サラダ,シーザードレッシング,시저 드레싱,35,https://www.lawson.co.jp/recommend/original/detail/img/l531818.jpg
サラダ,すりおろしオニオンドレッシング,강판 양파 드레싱,35,https://www.lawson.co.jp/recommend/original/detail/img/l531819.jpg
サラダ,ノンオイルドレッシング香味青じそ,향기로운 녹색 참치를 가진 비 석유 드레싱,35,https://www.lawson.co.jp/recommend/original/detail/img/l531820.jpg
サラダ,焙煎胡麻ドレッシング,구운 참깨 드레싱,38,https://www.lawson.co.jp/recommend/original/detail/img/l531821.jpg
サラダ,和風ドレッシング,일본식 드레싱,38,https://www.lawson.co.jp/recommend/original/detail/img/l531822.jpg
サラダ,ごまと香味野菜ドレッシング,참깨와 향기로운 야채 드레싱,38,https://www.lawson.co.jp/recommend/original/detail/img/l531823.jpg
お惣菜,ピリ辛ねぎだれで食べる旨辛たまご,매운 양파 소스를 곁들인 맛있는 매운 계란,333,https://www.lawson.co.jp/recommend/original/detail/img/l775319.jpg
お惣菜,冷たいまま食べるチキン南蛮,치킨 난반은 추위를 먹습니다,333,https://www.lawson.co.jp/recommend/original/detail/img/l777618.jpg
お惣菜,クリームチーズ生ハム巻き,크림 치즈 prosciutto 롤,570,https://www.lawson.co.jp/recommend/original/detail/img/l671099_4.jpg
お惣菜,重慶飯店監修　四川風麻婆豆腐,Sichuan 스타일의 Chongqing Restaurant이 감독했습니다,451,https://www.lawson.co.jp/recommend/original/detail/img/l769380_1.jpg
お惣菜,重慶飯店監修　大海老のチリソース,"Chongqing Restaurant, 대형 새우 칠리 소스 감독",484,https://www.lawson.co.jp/recommend/original/detail/img/l755057.jpg
お惣菜,重慶飯店監修　大海老のマヨソース,"Mayo 소스를 곁들인 Chongqing Restaurant, 대형 새우",484,https://www.lawson.co.jp/recommend/original/detail/img/l694454_1.jpg
お惣菜,重慶飯店監修　黒酢酢豚,Chongqing Restaurant이 감독 한 검은 식초 돼지 고기,441,https://www.lawson.co.jp/recommend/original/detail/img/l748260.jpg
お惣菜,なすび亭監修　豚の角煮,Nasubitei가 감독 한 돼지 고기 뿔,497,https://www.lawson.co.jp/recommend/original/detail/img/l733528.jpg
お惣菜,分とく山監修　鶏のみぞれ煮,Mintokuyama와 함께 끓인 닭고기,441,https://www.lawson.co.jp/recommend/original/detail/img/l733526.jpg
お惣菜,本枯節だし使用　7種具材のおでん,Honduraku Dashi로 만든 7 가지 종류의 재료로 만든 Oden,505,https://www.lawson.co.jp/recommend/original/detail/img/l770838.jpg
お惣菜,肉卸小島監修　牛すじ煮込,"육류 도매 코지마, 쇠고기 힘줄 스튜의 감독",419,https://www.lawson.co.jp/recommend/original/detail/img/l733533.jpg
お惣菜,肉卸小島監修　牛すじカレー,고기 도매 코지마로 감독 한 쇠고기 힘줄 카레,473,https://www.lawson.co.jp/recommend/original/detail/img/l770426.jpg
お惣菜,本格！ビーフカレー,진본인!쇠고기 카레,441,https://www.lawson.co.jp/recommend/original/detail/img/l743343.jpg
お惣菜,濃厚！ビーフシチュー,부자!쇠고기 스튜,484,https://www.lawson.co.jp/recommend/original/detail/img/l743700.jpg
お惣菜,肉厚！ビーフハンバーグ,두꺼운!쇠고기 햄버거,473,https://www.lawson.co.jp/recommend/original/detail/img/l726974.jpg
お惣菜,肉厚！とろけるチーズハンバーグ,두꺼운!녹는 치즈 햄버거,462,https://www.lawson.co.jp/recommend/original/detail/img/l684037_1.jpg
お惣菜,肉厚！和風ハンバーグ,두꺼운!일본 스타일의 햄버거,473,https://www.lawson.co.jp/recommend/original/detail/img/l693018_1.jpg
お惣菜,デミグラスハンバーグ,데미 글라스 햄버거,192,https://www.lawson.co.jp/recommend/original/detail/img/l637701_3.jpg
お惣菜,チーズ入りハンバーグ,치즈로 채워진 햄버거,192,https://www.lawson.co.jp/recommend/original/detail/img/l637702_3.jpg
お惣菜,ミートボール,미트볼,117,https://www.lawson.co.jp/recommend/original/detail/img/l602788_3.jpg
お惣菜,国産鶏と国産豚の黒酢たれ肉団子,국내 닭고기와 국내 돼지 고기를 곁들인 검은 식초 미트볼,289,https://www.lawson.co.jp/recommend/original/detail/img/l637721_3.jpg
お惣菜,酢豚,달콤한 돼지 고기,322,https://www.lawson.co.jp/recommend/original/detail/img/l736623.jpg
お惣菜,鶏の照焼き　直火仕立て,직접 불꽃으로 만든 치킨 테라 야키,343,https://www.lawson.co.jp/recommend/original/detail/img/l764997.jpg
お惣菜,こてっちゃん,KoTTECH,300,https://www.lawson.co.jp/recommend/original/detail/img/l588277_3.jpg
お惣菜,国産もつ煮込み,국내 스튜,354,https://www.lawson.co.jp/recommend/original/detail/img/l755347_1.jpg
お惣菜,牛丼のアタマ,쇠고기 그릇 헤드,430,https://www.lawson.co.jp/recommend/original/detail/img/l767505.jpg
お惣菜,6種具材と国産鶏もも肉の筑前煮,Chikuzen은 6 가지 종류의 재료와 국내 닭 허벅지로 조림했습니다.,408,https://www.lawson.co.jp/recommend/original/detail/img/l671100_3.jpg
お惣菜,豚肉と北海道産男爵の肉じゃが,돼지 고기와 홋카이도 바론의 고기와 감자,333,https://www.lawson.co.jp/recommend/original/detail/img/l686411_4.jpg
お惣菜,牛肉と北海道産男爵の肉じゃが,쇠고기와 홋카이도 바론의 고기와 감자,333,https://www.lawson.co.jp/recommend/original/detail/img/l643080_2.jpg
お惣菜,豚汁,돼지 고기 수프,300,https://www.lawson.co.jp/recommend/original/detail/img/l595894_4.jpg
お惣菜,すき焼き,스키 야키,462,https://www.lawson.co.jp/recommend/original/detail/img/l740916.jpg
お惣菜,キムチチゲ,김치 chigae,462,https://www.lawson.co.jp/recommend/original/detail/img/l735687.jpg
お惣菜,鶏肉のガーリックトマト煮,마늘 토마토 스튜와 닭고기,430,https://www.lawson.co.jp/recommend/original/detail/img/l503545_4.jpg
お惣菜,1食分の野菜が摂れる　チキンのチーズトマト煮,치즈와 토마토를 곁들인 야채 1 인분을 먹을 수 있습니다.,451,https://www.lawson.co.jp/recommend/original/detail/img/l684029_4.jpg
お惣菜,ロールキャベツ,양배추 롤,451,https://www.lawson.co.jp/recommend/original/detail/img/l698593.jpg
お惣菜,煮込みハンバーグ,햄버거를 조림했습니다,441,https://www.lawson.co.jp/recommend/original/detail/img/l729293.jpg
お惣菜,ジャーマンポテト,독일 감자,408,https://www.lawson.co.jp/recommend/original/detail/img/l750697.jpg
お惣菜,1食分の野菜が摂れる　八宝菜,야채 1 인분을 먹을 수있는 8 개의 보물,430,https://www.lawson.co.jp/recommend/original/detail/img/l776349.jpg
お惣菜,6種具材の豆乳鍋,6 가지 유형의 성분을 가진 콩 우유 냄비,430,https://www.lawson.co.jp/recommend/original/detail/img/l769588.jpg
お惣菜,肉豆腐,고기 두부,430,https://www.lawson.co.jp/recommend/original/detail/img/l730327.jpg
お惣菜,豚の生姜焼,구운 돼지 고기,387,https://www.lawson.co.jp/recommend/original/detail/img/l692298.jpg
お惣菜,鶏と根菜の黒酢あん,검은 식초를 곁들인 닭고기와 뿌리,430,https://www.lawson.co.jp/recommend/original/detail/img/l761356.jpg
お惣菜,よだれ鶏,침을 흘리며 닭고기,408,https://www.lawson.co.jp/recommend/original/detail/img/l766797.jpg
お惣菜,あじの南蛮漬け,난반 절인 말 고등어,419,https://www.lawson.co.jp/recommend/original/detail/img/l699619.jpg
お惣菜,イカと里芋の煮物,오징어와 타로 조림,419,https://www.lawson.co.jp/recommend/original/detail/img/l684028_4.jpg
お惣菜,銀鮭の塩焼,소금으로 구운은 연어,430,https://www.lawson.co.jp/recommend/original/detail/img/l643300_4.jpg
お惣菜,縞ほっけの塩焼,줄무늬 Hokke 소금 구이,387,https://www.lawson.co.jp/recommend/original/detail/img/l738218.jpg
お惣菜,さばの塩焼,소금 그릴 고등어,376,https://www.lawson.co.jp/recommend/original/detail/img/l738217.jpg
お惣菜,さばの味噌煮,가난한 고등어,354,https://www.lawson.co.jp/recommend/original/detail/img/l595893_6.jpg
お惣菜,子持ちししゃも,아이들과의 과자,300,https://www.lawson.co.jp/recommend/original/detail/img/l738219.jpg
お惣菜,さばのみぞれ煮,고등어가 끓었다,333,https://www.lawson.co.jp/recommend/original/detail/img/l746758.jpg
お惣菜,皮がなめらか焼餃子,부드러운 피부로 구운 만두,354,https://www.lawson.co.jp/recommend/original/detail/img/l773563.jpg
お惣菜,ジューシーしゅうまい,육즙 슈마이,430,https://www.lawson.co.jp/recommend/original/detail/img/l657703_4.jpg
お惣菜,骨なしスペアリブ,뼈없는 여분의 갈비,397,https://www.lawson.co.jp/recommend/original/detail/img/l772803.jpg
お惣菜,グリルチキン,구운 닭고기,354,https://www.lawson.co.jp/recommend/original/detail/img/l751196.jpg
お惣菜,ガーリック香る砂肝焼,마늘 향이 나는 기저드,322,https://www.lawson.co.jp/recommend/original/detail/img/l599720_3.jpg
お惣菜,鶏軟骨の唐揚げ,프라이드 치킨 연골,333,https://www.lawson.co.jp/recommend/original/detail/img/l612023_3.jpg
お惣菜,焼きつくね〈たれ〉,빵집 (소스),322,https://www.lawson.co.jp/recommend/original/detail/img/l746534.jpg
お惣菜,鶏のねぎ塩焼き,소금에 절인 양파와 구운 닭고기,333,https://www.lawson.co.jp/recommend/original/detail/img/l729023.jpg
お惣菜,直火焼きベーコン,직접 화재 구이 베이컨,343,https://www.lawson.co.jp/recommend/original/detail/img/l736836.jpg
お惣菜,あらびきチョリソー,아라비키 쵸 리조,322,https://www.lawson.co.jp/recommend/original/detail/img/l750314.jpg
お惣菜,あらびきウインナー　スモーク＆バジル,Arabiki Wiener Smoke & Basil,322,https://www.lawson.co.jp/recommend/original/detail/img/l774065.jpg
お惣菜,直火で仕上げた豚トロ焼,돼지 고기 토로는 열린 불꽃 위로 구운 것입니다,343,https://www.lawson.co.jp/recommend/original/detail/img/l757777.jpg
お惣菜,おつまみバラ焼豚,스낵 피망 구이 돼지 고기,387,https://www.lawson.co.jp/recommend/original/detail/img/l776348.jpg
お惣菜,タン焼き＜辛みそ＞,구운 혀 <매운 기계>,322,https://www.lawson.co.jp/recommend/original/detail/img/l753647.jpg
お惣菜,黒胡椒香る　直火焼ハラミ,"후추 향이 나는 향기로운, 직접적인 불 구이 로스트",354,https://www.lawson.co.jp/recommend/original/detail/img/l657710_4.jpg
お惣菜,やさい豆　2個入り,콩 2,203,https://www.lawson.co.jp/recommend/original/detail/img/l588269_4.jpg
お惣菜,黒豆　2個入り,검은 콩 2 조각,203,https://www.lawson.co.jp/recommend/original/detail/img/l588271_4.jpg
お惣菜,5種具材の根菜きんぴら,5 가지 유형의 성분이있는 뿌리 채소,246,https://www.lawson.co.jp/recommend/original/detail/img/l728035.jpg
お惣菜,8種具材の切干大根サラダ,8 가지 유형의 성분을 가진 건조 된 무기 샐러드,268,https://www.lawson.co.jp/recommend/original/detail/img/l728033.jpg
お惣菜,8種具材の豆腐とひじき煮,두부와 8 가지 유형의 재료로 히지키를 조림했습니다,268,https://www.lawson.co.jp/recommend/original/detail/img/l728034.jpg
お惣菜,きんぴらごぼう,Kinpira Burdock,181,https://www.lawson.co.jp/recommend/original/detail/img/l753686.jpg
お惣菜,ごぼうこんにゃく,Burdock과 Konjac,171,https://www.lawson.co.jp/recommend/original/detail/img/l588292_4.jpg
お惣菜,切り干し大根,말린 무기,171,https://www.lawson.co.jp/recommend/original/detail/img/l753681.jpg
お惣菜,ひじき煮,삶은 히지키,181,https://www.lawson.co.jp/recommend/original/detail/img/l753694.jpg
お惣菜,うの花,うの花,171,https://www.lawson.co.jp/recommend/original/detail/img/l753679.jpg
お惣菜,五目白和え,고메 키드,181,https://www.lawson.co.jp/recommend/original/detail/img/l774918.jpg
お惣菜,やさいナムル,쉬운 namul,203,https://www.lawson.co.jp/recommend/original/detail/img/l768743.jpg
お惣菜,たけのこ土佐煮,대나무는 토사에서 조림했다,160,https://www.lawson.co.jp/recommend/original/detail/img/l750908.jpg
お惣菜,太切りメンマ,두꺼운 컷 menma,181,https://www.lawson.co.jp/recommend/original/detail/img/l524878_4.jpg
お惣菜,穂先メンマ,팁 menma,171,https://www.lawson.co.jp/recommend/original/detail/img/l564618_4.jpg
お惣菜,国産じゃがいものポテトサラダ,국내 감자 감자 샐러드,181,https://www.lawson.co.jp/recommend/original/detail/img/l774492.jpg
お惣菜,国産じゃがいものベーコンポテトサラダ,국내 감자 베이컨 감자 샐러드,203,https://www.lawson.co.jp/recommend/original/detail/img/l762496_1.jpg
お惣菜,国産じゃがいもの明太ポテトサラダ,국내 감자 멘타이코 감자 샐러드,203,https://www.lawson.co.jp/recommend/original/detail/img/l688126_3.jpg
お惣菜,国産かぼちゃのサラダ,국내 호박 샐러드,181,https://www.lawson.co.jp/recommend/original/detail/img/l768172.jpg
お惣菜,国産ごぼうのサラダ,국내 Burdock 샐러드,181,https://www.lawson.co.jp/recommend/original/detail/img/l760143.jpg
お惣菜,たまごサラダ,계란 샐러드,181,https://www.lawson.co.jp/recommend/original/detail/img/l757982.jpg
お惣菜,マカロニサラダ,마카로니 샐러드,181,https://www.lawson.co.jp/recommend/original/detail/img/l746278.jpg
お惣菜,春雨サラダ,Vermicelli 샐러드,181,https://www.lawson.co.jp/recommend/original/detail/img/l747220.jpg
お惣菜,食物繊維3.5g　焙煎胡麻風味の根菜サラダ,식이 섬유 3.5g 구운 참깨 맛 뿌리 채소 샐러드,192,https://www.lawson.co.jp/recommend/original/detail/img/l684016_3.jpg
お惣菜,塩ゆで枝豆,소금에 voiled 에다메,192,https://www.lawson.co.jp/recommend/original/detail/img/l533630_4.jpg
お惣菜,冷やっこセット,콜드 세트,181,https://www.lawson.co.jp/recommend/original/detail/img/l588300_3.jpg
お惣菜,海老入り茶碗蒸し,차완은 새우를 썼다,192,https://www.lawson.co.jp/recommend/original/detail/img/l733530.jpg
お惣菜,からむきゆでたまご,껍질을 벗긴 계란,149,https://www.lawson.co.jp/recommend/original/detail/img/l752582_1.jpg
お惣菜,煮たまご,삶은 계란,248,https://www.lawson.co.jp/recommend/original/detail/img/l592982_3.jpg
お惣菜,半熟くんたま,반 굽은 쿤 타마,235,https://www.lawson.co.jp/recommend/original/detail/img/l606899.jpg
お惣菜,切れてる厚焼玉子,두꺼운 튀긴 계란 절단,181,https://www.lawson.co.jp/recommend/original/detail/img/l565156_4.jpg
お惣菜,切れてるだし巻玉子,깨진 계란이 부러졌습니다,181,https://www.lawson.co.jp/recommend/original/detail/img/l565157_4.jpg
スープ,8種具材のポトフ,8 가지 유형의 성분을 가진 포도우-페우,351円,https://www.lawson.co.jp/recommend/original/detail/img/l767535.jpg
スープ,ごま油香るもちもち餃子スープ,참기름을 곁들인 chewy gyoza soup,351円,https://www.lawson.co.jp/recommend/original/detail/img/l768147.jpg
スープ,鶏肉のフォー,치킨 포,351円,https://www.lawson.co.jp/recommend/original/detail/img/l767540.jpg
スープ,おにぎり浅草宿六監修　こだわり味噌の豚汁,"Asakusa Juku Roku가 감독 한 Onigiri, 신중하게 선택된 된장 돼지 고기 수프",351円,https://www.lawson.co.jp/recommend/original/detail/img/l764029_1.jpg
グラタン・ドリア,4種のチーズ使用　海老グラタン,4 가지 종류의 치즈로 만든 새우 gratin,497,https://www.lawson.co.jp/recommend/original/detail/img/l764840.jpg
グラタン・ドリア,博多明太子使用　明太もちチーズグラタン,Hakata Mentaiko와 함께 만든 Mentai Mochi Cheese Gratin,497,https://www.lawson.co.jp/recommend/original/detail/img/l757439.jpg
グラタン・ドリア,北海道生乳使用ゴーダチーズ海老ドリア,홋카이도 생 밀크는 구다 치즈 새우 도리아를 사용했습니다,497,https://www.lawson.co.jp/recommend/original/detail/img/l757438.jpg
お好み焼・たこ焼き・他,1/2日分の野菜が摂れる　明太マヨソースキャベツ包み焼,"멘토 이코 마요네즈 소스에 싸인 구운 양배추, 1/2 일의 야채와 함께",473円,https://www.lawson.co.jp/recommend/original/detail/img/l773662.jpg
お好み焼・たこ焼き・他,屋台風お好み焼　豚玉＆焼そば,"Okonomiyaki, 돼지 공 및 튀긴 국수",538円,https://www.lawson.co.jp/recommend/original/detail/img/l753814.jpg
お好み焼・たこ焼き・他,みっちゃん監修　広島流お好み焼　そば肉玉子,"Mitchan, Hiroshima 스타일 Okonomiyaki, Soba Meat Egg가 감독합니다",630,https://www.lawson.co.jp/recommend/original/detail/img/l744449.jpg
お好み焼・たこ焼き・他,たこ焼(8個入り),타카 요키 (8 개),430,https://www.lawson.co.jp/recommend/original/detail/img/l781114.jpg
揚げ物,からあげクン　レギュラー,카라우지 쿤 규칙,259,https://www.lawson.co.jp/recommend/original/detail/img/l456071_6.jpg
揚げ物,からあげクン　レッド,카라 지 쿤 레드,259,https://www.lawson.co.jp/recommend/original/detail/img/l456069_6.jpg
揚げ物,からあげクン　北海道チーズ,Karaagekun Hokkaido 치즈,259,https://www.lawson.co.jp/recommend/original/detail/img/l456070_6.jpg
揚げ物,からあげクン　さわやかレモン味,Karaagekun- 상쾌한 레몬 맛,259,https://www.lawson.co.jp/recommend/original/detail/img/l734571.jpg
揚げ物,からあげクン　レッド3倍味　BOX(20個入り),Karaagekun Red 3x Box (20 조각),"1,350",https://www.lawson.co.jp/recommend/original/detail/img/l759214_1.jpg
揚げ物,海からクン　フィッシュタルタル味,바다에서 생선 타르타르 맛,259,https://www.lawson.co.jp/recommend/original/detail/img/l756837.jpg
揚げ物,海からクン　エビマヨネーズ味,바다에서 새우 마요네즈 맛,259,https://www.lawson.co.jp/recommend/original/detail/img/l756835.jpg
揚げ物,パリチキ,파리 키,259,https://www.lawson.co.jp/recommend/original/detail/img/l663055.jpg
揚げ物,Ｌチキ　レギュラー,L Chiki Regular,248,https://www.lawson.co.jp/recommend/original/detail/img/l534447_3.jpg
揚げ物,Ｌチキ　レッド,L Chiki Red,259,https://www.lawson.co.jp/recommend/original/detail/img/l534443_3.jpg
揚げ物,Ｌチキバンズ,L 키키 밴드,84円,https://www.lawson.co.jp/recommend/original/detail/img/l781250.jpg
揚げ物,Ｌから　4個,4에서 4,298,https://www.lawson.co.jp/recommend/original/detail/img/l736316.jpg
揚げ物,オフから　しょうゆ,간장에서 간장,260,https://www.lawson.co.jp/recommend/original/detail/img/l756146.jpg
揚げ物,ハッシュドポテト,해시 감자,140,https://www.lawson.co.jp/recommend/original/detail/img/l759228.jpg
揚げ物,ジャンボアメリカンドッグ,점보 아메리칸 개,138,https://www.lawson.co.jp/recommend/original/detail/img/n476174_1.jpg
揚げ物,ジャイアントポークフランク,거대한 돼지 고기 프랭크,208,https://www.lawson.co.jp/recommend/original/detail/img/l577862.jpg
揚げ物,なんこつ入りつくね棒,고기는 코츠를 고수합니다,198,https://www.lawson.co.jp/recommend/original/detail/img/l760099.jpg
揚げ物,タレつくね串　なんこつ入,Nankotsu와 소스 미트볼 꼬치,198,https://www.lawson.co.jp/recommend/original/detail/img/l740137.jpg
揚げ物,スモークチキン串　黒こしょう,"훈제 치킨 꼬치, 후추",214,https://www.lawson.co.jp/recommend/original/detail/img/l754152.jpg
揚げ物,北海道産きたあかりの牛肉コロッケ,홋카이도로 만든 쇠고기 크로켓,108,https://www.lawson.co.jp/recommend/original/detail/img/l639851_1.jpg
揚げ物,牛肉メンチ,쇠고기 국수,130,https://www.lawson.co.jp/recommend/original/detail/img/l758880.jpg
揚げ物,たけのこと豚肉の五目春巻,돼지 고기를 가져 가라,100,https://www.lawson.co.jp/recommend/original/detail/img/l639446.jpg
揚げ物,大きなイカフライ,큰 튀긴 오징어,160,https://www.lawson.co.jp/recommend/original/detail/img/l518112_1.jpg
揚げ物,ふっくらあじフライ,통통한 튀김,190,https://www.lawson.co.jp/recommend/original/detail/img/n503714.jpg
揚げ物,イカから揚げ,튀긴 오징어,281,https://www.lawson.co.jp/recommend/original/detail/img/l552009_1.jpg
まちかど厨房,三元豚の厚切りロースカツサンド(とんかつ まい泉監修ソース使用),두꺼운 얇게 썬 상겐 돼지 고기 허리 커틀릿 샌드위치 (Maizumi가 감독 한 소스를 사용하여 돼지 고기 커틀릿),495,https://www.lawson.co.jp/recommend/original/detail/img/l20210302chubo0003_1.jpg
まちかど厨房,三元豚の厚切りカツ＆タマゴサンド,두꺼운 얇게 썬 상겐 돼지 고기 커틀릿과 계란 샌드위치,495,https://www.lawson.co.jp/recommend/original/detail/img/ln41chubo_3.jpg
まちかど厨房,海老カツタマゴサンド,새우 katsuraego 샌드위치,495,https://www.lawson.co.jp/recommend/original/detail/img/l20250422chubo0001.jpg
まちかど厨房,厚切りカツ&店内づくりのだしたまごサンド,매장 내에서 만든 두꺼운 표정 및 계란 샌드위치,495,https://www.lawson.co.jp/recommend/original/detail/img/l20250114chubo0001.jpg
まちかど厨房,海鮮かき揚げ丼,해산물 카키 게 쌀 그릇,592,https://www.lawson.co.jp/recommend/original/detail/img/l20231114chubo0001_1.jpg
まちかど厨房,三元豚の厚切りロースソースカツ丼(とんかつ まい泉監修ソース使用),Sangen 돼지 고기 두꺼운 얇게 썬 허리 소스 커틀 그릇 (Maizumi가 감독 한 소스 포함),646,https://www.lawson.co.jp/recommend/original/detail/img/l20210302chubo0002_4.jpg
まちかど厨房,直火で炙った焼豚丼,열린 불꽃 위에 구운 돼지 고기 그릇,646,https://www.lawson.co.jp/recommend/original/detail/img/l20240130chubo0001.jpg
まちかど厨房,備長炭焼き親子丼,빈 코탄 숯 구이 오야 코돈,745,https://www.lawson.co.jp/recommend/original/detail/img/l20201110chubo0002_3.jpg
まちかど厨房,具おにぎり　紅鮭,"쌀 공, 붉은 연어",365,https://www.lawson.co.jp/recommend/original/detail/img/l20231010chubo0002.jpg
まちかど厨房,具おにぎり　辛子明太子,매운 멘타이코 쌀 충전물,365,https://www.lawson.co.jp/recommend/original/detail/img/l20231010chubo0003.jpg
まちかど厨房,具おにぎり　店内づくりのだしたまご,쌀 공 - 가게에서 만든 계란,397,https://www.lawson.co.jp/recommend/original/detail/img/l20250114chubo0003.jpg
まちかど厨房,鶏ごぼう,닭 버드,279,https://www.lawson.co.jp/recommend/original/detail/img/l122chubo.jpg
まちかど厨房,三元豚の厚切りロースカツ,두꺼운 얇게 썬 상겐 돼지 고기 허리 커틀,473,https://www.lawson.co.jp/recommend/original/detail/img/l20221025chubo0002_1.jpg
まちかど厨房,チーズ大葉チキンカツ,치즈 시소 치킨 커틀릿,397,https://www.lawson.co.jp/recommend/original/detail/img/l20221025chubo0005_1.jpg
まちかど厨房,鶏の炭火焼き3種盛り,세 개의 숯 구이 닭고기,397,https://www.lawson.co.jp/recommend/original/detail/img/l20240423chubo0001.jpg
まちかど厨房,若鶏の砂肝にんにく,어린 닭고기 마늘,397,https://www.lawson.co.jp/recommend/original/detail/img/l20240903chubo0001.jpg
コーヒー,アイス宇治抹茶ラテ,아이스 uji matcha latte,280,https://www.lawson.co.jp/recommend/original/detail/img/l780632.jpg
コーヒー,コーヒー(S),커피 (들),140,https://www.lawson.co.jp/recommend/original/detail/img/l_coffee001.jpg
コーヒー,コーヒー(M),커피 (M),210,https://www.lawson.co.jp/recommend/original/detail/img/l_coffee002.jpg
コーヒー,コーヒー(L),커피 (L),240,https://www.lawson.co.jp/recommend/original/detail/img/l_coffee003.jpg
コーヒー,メガホットコーヒー,메가 뜨거운 커피,340,https://www.lawson.co.jp/recommend/original/detail/img/l572961_2.jpg
コーヒー,アイスコーヒー(S),아이스 커피,140,https://www.lawson.co.jp/recommend/original/detail/img/l_coffee006_1.jpg
コーヒー,アイスコーヒー(M),아이스 커피 (M),240,https://www.lawson.co.jp/recommend/original/detail/img/l_coffee007_1.jpg
コーヒー,メガアイスコーヒー,메가 아이스 커피,340,https://www.lawson.co.jp/recommend/original/detail/img/l_coffee008_2.jpg
コーヒー,モカブレンド(S),Mocha Blend (들),160,https://www.lawson.co.jp/recommend/original/detail/img/l743965.jpg
コーヒー,アイスモカブレンド,아이스 모카 블렌드,170,https://www.lawson.co.jp/recommend/original/detail/img/l756603.jpg
コーヒー,カフェラテ(M),카페 라떼 (M),210,https://www.lawson.co.jp/recommend/original/detail/img/l_coffee010.jpg
コーヒー,カフェラテ(L),카페 라떼 (L),270,https://www.lawson.co.jp/recommend/original/detail/img/l_coffee011.jpg
コーヒー,メガホットカフェラテ,메가 핫 카페 라떼,360,https://www.lawson.co.jp/recommend/original/detail/img/l_coffee012_2.jpg
コーヒー,アイスカフェラテ(M),아이스 카페 라떼 (M),260,https://www.lawson.co.jp/recommend/original/detail/img/l_coffee014.jpg
コーヒー,メガアイスカフェラテ,메가 아이스 카페 라떼,390,https://www.lawson.co.jp/recommend/original/detail/img/l_coffee015_1.jpg
コーヒー,アイスほうじ茶ラテ,얼음 구운 티 라떼,260,https://www.lawson.co.jp/recommend/original/detail/img/l608689.jpg
コーヒー,アイスミルク,얼음 우유,150,https://www.lawson.co.jp/recommend/original/detail/img/l_coffee030.jpg
コーヒー,ホットミルク,뜨거운 우유,130,https://www.lawson.co.jp/recommend/original/detail/img/l_coffee029.jpg
コーヒー,キャラメルフラッペ,카라멜 프라페,380,https://www.lawson.co.jp/recommend/original/detail/img/l781288.jpg
コーヒー,ストロベリーフラッペ,딸기 프라페,380,https://www.lawson.co.jp/recommend/original/detail/img/l781286.jpg
コーヒー,ホットコーヒー用豆,뜨거운 커피 콩,"1,500",https://www.lawson.co.jp/recommend/original/detail/img/l608688.jpg
