category,attraction,description,address,image,date,price
역사,21_21 DESIGN SIGHT,도쿄 미드타운 내에 위치한 일본을 대표하는 디자인 전문 미술관,"Midtown Garden, Tokyo Midtown, 9-7-6 Akasaka, Minato-ku, Tokyo-to","https://res.cloudinary.com/jnto/image/upload/w_670,h_450,c_fill,fl_lossy,f_auto//w_670,h_450,c_fill,fl_lossy,f_auto/v1646017655/tokyo/M_00610_001",,1200
역사,EPSON teamLab 보더리스: 모리빌딩 디지털 아트 뮤지엄,도쿄만에서 경험하는 다감각 디지털 아트 - teamLab Borderless,"Azabudai Hills Garden Plaza B B1 1-2-4 Azabudai, Minato-ku, Tokyo-to","https://res.cloudinary.com/jnto/image/upload/w_670,h_450,c_fill,fl_lossy,f_auto//w_670,h_450,c_fill,fl_lossy,f_auto/v1709107973/tokyo/Tokyo_s2023_ID2_1",,3200
랜드마크,Japan Olympic Museum,세계 올림픽의 유산을 생생하게 체험할 수 있는 현대적인 박물관,"4-2 Kasumigaokamachi, Shinjuku-ku, Tokyo-to","https://res.cloudinary.com/jnto/image/upload/w_670,h_450,c_fill,fl_lossy,f_auto//w_670,h_450,c_fill,fl_lossy,f_auto/v1599788570/tokyo/Tokyo2039_main",,500
역사,NHK 방송박물관,세계 최초의 방송 전문 박물관입니다,"2-1-1 Atago, Minato-ku, Tokyo-to","https://res.cloudinary.com/jnto/image/upload/w_670,h_450,c_fill,fl_lossy,f_auto//w_670,h_450,c_fill,fl_lossy,f_auto/v1668667550/tokyo/Tokyo_t_id341_1",,
역사,가구라자카,일본의 전통과 프랑스의 멋이 일체가 된 거리. 신주쿠에 가깝고 세련되고 아담한 이 지역은 한때 게이샤들이 활약했던 곳입니다.,"Shinjuku-ku, Tokyo-to","https://res.cloudinary.com/jnto/image/upload/w_670,h_450,c_fill,fl_lossy,f_auto//w_670,h_450,c_fill,fl_lossy,f_auto/v1513938064/tokyo/Tokyo2271_3",,
역사,가네이지사원,"가네이지사원은 도쿄 우에노 공원 인근에 위치한 대표적인 불교 사찰로, 에도 시대 도쿠가와 막부와 깊은 관련을 가진 역사적 명소입니다.","1-14-11 Uenosakuragi, Taito-ku, Tokyo-to","https://res.cloudinary.com/jnto/image/upload/w_670,h_450,c_fill,fl_lossy,f_auto//w_670,h_450,c_fill,fl_lossy,f_auto/v1516447947/tokyo/Tokyo2274_1",,
역사,가메이도텐진신사,Popular with Students and Nature Lovers alike,"3-6-1 Kameido, Koto-ku, Tokyo-to","https://res.cloudinary.com/jnto/image/upload/w_670,h_450,c_fill,fl_lossy,f_auto//w_670,h_450,c_fill,fl_lossy,f_auto/v1513938681/tokyo/Tokyo2272_3",,
랜드마크,가부키자,도쿄 최고의 가부키 무대,"4-12-15 Ginza, Chuo-ku, Tokyo-to","https://res.cloudinary.com/jnto/image/upload/w_670,h_450,c_fill,fl_lossy,f_auto//w_670,h_450,c_fill,fl_lossy,f_auto/v1677472161/tokyo/Tokyo_t_id252_1",,
랜드마크,가부키초,"도쿄 시내 한복판에서 만나는 전투 로봇, 6층짜리 온천 시설, 작고 독특한 술집과 식당","Shinjuku-ku, Tokyo-to","https://res.cloudinary.com/jnto/image/upload/w_670,h_450,c_fill,fl_lossy,f_auto//w_670,h_450,c_fill,fl_lossy,f_auto/v1513936122/tokyo/Tokyo2328_10",,
자연,가사이,"이 지역은 도쿄만과 인접해 있으며, 넓은 녹지와 해양 생태를 가까이에서 체험할 수 있는 곳으로 가족 단위 방문객과 현지인 모두에게 사랑받는 힐링 명소","Edogawa-ku, Tokyo-to","https://res.cloudinary.com/jnto/image/upload/w_670,h_450,c_fill,fl_lossy,f_auto//w_670,h_450,c_fill,fl_lossy,f_auto/v1675342282/tokyo/Tokyo_s_id24_6.jpg",,
자연,가사이린카이공원,도쿄의 평온한 오아시스,"6-2-1 Rinkai-cho, Edogawa-ku, Tokyo-to","https://res.cloudinary.com/jnto/image/upload/w_670,h_450,c_fill,fl_lossy,f_auto//w_670,h_450,c_fill,fl_lossy,f_auto/v1513938124/tokyo/Tokyo2352_4",,
역사,간다신사,"간다신사는 도쿄 지요다구에 위치한 약 1,300년 역사의 유서 깊은 신사로, 에도(현 도쿄) 지역의 번영과 평안을 기원하는 대표적인 신사","2-16-2 Sotokanda, Chiyoda-ku, Tokyo-to","https://res.cloudinary.com/jnto/image/upload/w_670,h_450,c_fill,fl_lossy,f_auto//w_670,h_450,c_fill,fl_lossy,f_auto/v1513936274/tokyo/Tokyo2276_2",,
축제,간다축제,"도쿄 최대 규모, 가장 흥이 넘치는 기념행사","2-16-2 Sotokanda, Chiyoda-ku, Tokyo-to","https://res.cloudinary.com/jnto/image/upload/w_670,h_450,c_fill,fl_lossy,f_auto//w_670,h_450,c_fill,fl_lossy,f_auto/v1517338167/tokyo/Tokyo2275_9",,
액티비티,갓파바시도구거리,"갓파바시 도구 거리는 프로, 아마추어를 불문하고 요리인에게 인기있는 장소입니다.","3-18-2 Matsugaya, Taito-ku, Tokyo-to","https://res.cloudinary.com/jnto/image/upload/w_670,h_450,c_fill,fl_lossy,f_auto//w_670,h_450,c_fill,fl_lossy,f_auto/v1513933900/tokyo/Tokyo2277_1",,
자연,고이시카와 고라쿠엔 정원,도쿄에서 가장 아름다운 일본 정원입니다. 오랜 역사와 중국의 영향을 받은 이 정원에서는 계절에 상관없이 매우 아름다운 경관을 감상할 수 있습니다.,"1-6-6 Koraku, Bunkyo-ku, Tokyo-to","https://res.cloudinary.com/jnto/image/upload/w_670,h_450,c_fill,fl_lossy,f_auto//w_670,h_450,c_fill,fl_lossy,f_auto/v1513937457/tokyo/Tokyo2281_2",,300
역사,고쿄,"도쿄 한복판에 위치한 일본 천황의 공식 거주지, 즉 황궁입니다.","1-1 Chiyoda, Chiyoda-ku, Tokyo-to","https://res.cloudinary.com/jnto/image/upload/w_670,h_450,c_fill,fl_lossy,f_auto//w_670,h_450,c_fill,fl_lossy,f_auto/v1513945878/tokyo/Tokyo2229_2",,
랜드마크,고쿄 & 도쿄역,"품격 있는 황실 정원, 넓은 지하 쇼핑몰, 예술과 파인 다이닝","Chiyoda & 2-7-2 Marunouchi, Chiyoda City, TokyoMarunouchi, Chiyoda, Tokyo","https://res.cloudinary.com/jnto/image/upload/w_670,h_450,c_fill,fl_lossy,f_auto//w_670,h_450,c_fill,fl_lossy,f_auto/v1513936386/tokyo/Tokyo2258_24",,
자연,고쿄가이엔(황거외원),A Ring of Nature and Moats around the palace,"Kokyogaien, Chiyoda-ku, Tokyo-to","https://res.cloudinary.com/jnto/image/upload/w_670,h_450,c_fill,fl_lossy,f_auto//w_670,h_450,c_fill,fl_lossy,f_auto/v1513945878/tokyo/Tokyo2229_2",,
역사,고쿄와 그 주변,"황성 경내에서 즐기는 정원 산책, 국보 미술품 감상과 견학","Chiyoda-ku, Tokyo-to","https://res.cloudinary.com/jnto/image/upload/w_670,h_450,c_fill,fl_lossy,f_auto//w_670,h_450,c_fill,fl_lossy,f_auto/v1513945878/tokyo/Tokyo2229_2",,
자연,구후루카와정원,메이지 시대의 정치가 무쓰 무네미쓰(1844~1897년)의 저택이었던 구 후루카와 정원은 현재 일반에게 개방되어 있는 인기 높은 도심의 공원입니다.,"1-1-27-39 Nishigahara, Kita-ku, Tokyo-to","https://res.cloudinary.com/jnto/image/upload/w_670,h_450,c_fill,fl_lossy,f_auto//w_670,h_450,c_fill,fl_lossy,f_auto/v1513938133/tokyo/Tokyo2285_2",,150
역사,국립과학박물관,"공룡 화석, 증기 엔진, 아이들을 위한 체험 공간과 신비한 것들로 가득한 박물관","7-20 Uenokoen, Taito-ku, Tokyo-to","https://res.cloudinary.com/jnto/image/upload/w_670,h_450,c_fill,fl_lossy,f_auto//w_670,h_450,c_fill,fl_lossy,f_auto/v1666262315/tokyo/Tokyo_t_id195_3",,630
랜드마크,국립극장,"일본 전통 공연 예술의 중심지로, 가부키, 분라쿠, 일본 무용 등 다양한 전통 예술을 체험할 수 있는 특별한 장소입니다. ","4-1 Hayabusa-cho, Chiyoda-ku, Tokyo-to","https://res.cloudinary.com/jnto/image/upload/w_670,h_450,c_fill,fl_lossy,f_auto//w_670,h_450,c_fill,fl_lossy,f_auto/v1646016777/tokyo/M_00589_002",,
역사,국립서양미술관,세계적 수준의 건축과 서양 예술,"7-7 Uenokoen, Taito-ku, Tokyo-to","https://res.cloudinary.com/jnto/image/upload/w_670,h_450,c_fill,fl_lossy,f_auto//w_670,h_450,c_fill,fl_lossy,f_auto/v1513933980/tokyo/Tokyo2283_1",,500
랜드마크,국회의사당,The heart of Japan’s politics,"1-7-1 Nagata-cho, Chiyoda-ku, Tokyo-to","https://res.cloudinary.com/jnto/image/upload/w_670,h_450,c_fill,fl_lossy,f_auto//w_670,h_450,c_fill,fl_lossy,f_auto/v1513946012/tokyo/Tokyo2240_2",,
자연,기요스미정원,"기요스미 정원은 회유식 일본 정원으로 다양한 종류의 야생 조류가 날아오며, 계절의 꽃과 해송을 비롯한 각종 나무들이 연못을 중심으로 우거져 있습니다","3-3-9 Kiyosumi, Koto-ku, Tokyo-to","https://res.cloudinary.com/jnto/image/upload/w_670,h_450,c_fill,fl_lossy,f_auto//w_670,h_450,c_fill,fl_lossy,f_auto/v1513937556/tokyo/Tokyo2278_3",,150
자연,기타노마루공원,A quiet oasis in central Tokyo,"1-1 Kitanomaru Koen, Chiyoda-ku, Tokyo-to","https://res.cloudinary.com/jnto/image/upload/w_670,h_450,c_fill,fl_lossy,f_auto//w_670,h_450,c_fill,fl_lossy,f_auto/v1513937047/tokyo/Tokyo2233_8",,
역사,긴자 & 니혼바시,브랜드 쇼핑과 풍부한 역사,"4-6-16 Ginza, Chuo City, Tokyo","https://res.cloudinary.com/jnto/image/upload/w_670,h_450,c_fill,fl_lossy,f_auto//w_670,h_450,c_fill,fl_lossy,f_auto/v1513937000/tokyo/Tokyo2225_9",,
자연,나카메구로,트렌드를 선도하는 세련된 동네이자 대표적인 벚꽃놀이 명소,"1-22-6 Kamimeguro, Meguro City, Tokyo","https://res.cloudinary.com/jnto/image/upload/w_670,h_450,c_fill,fl_lossy,f_auto//w_670,h_450,c_fill,fl_lossy,f_auto/v1513938277/tokyo/Tokyo2330_2",,
자연,나카메구로벚꽃,트렌디한 나카메구로 강변에서 느긋하게 벚꽃 구경,"2-2 Nakameguro, Meguro-ku, Tokyo-to","https://res.cloudinary.com/jnto/image/upload/w_670,h_450,c_fill,fl_lossy,f_auto//w_670,h_450,c_fill,fl_lossy,f_auto/v1649153121/tokyo/M_01104_001",,
액티비티,나카미세도리거리,"아사쿠사의 필수 관광 코스 중 한 곳으로서, 카미나리몬에서 센소지까지 이어지는 약 250미터 길이의 상점가","1-1-36-3 Asakusa, Taito-ku, Tokyo-to","https://res.cloudinary.com/jnto/image/upload/w_670,h_450,c_fill,fl_lossy,f_auto//w_670,h_450,c_fill,fl_lossy,f_auto/v1551154046/tokyo/sensoji_2.jpg",,
역사,네즈미술관,"찻집, 전통 정원, 그리고 다양한 동양 미술품 컬렉션","6-5-1 Minamiaoyama, Minato-ku, Tokyo-to","https://res.cloudinary.com/jnto/image/upload/w_670,h_450,c_fill,fl_lossy,f_auto//w_670,h_450,c_fill,fl_lossy,f_auto/v1513935188/tokyo/Tokyo2332_7",,1300
액티비티,니지마섬,"풍부한 자연, 전통 음식, 유리 아트와 세계 정상급 서핑을 즐길 수 있는 곳",Tokyo-to,"https://res.cloudinary.com/jnto/image/upload/w_670,h_450,c_fill,fl_lossy,f_auto//w_670,h_450,c_fill,fl_lossy,f_auto/v1513934826/tokyo/Tokyo2382_7",,
자연,다카오산,다양한 활동을 즐길 수 있는 인기 하이킹 장소,"Takao-machi, Hachioji-shi, Tokyo-to","https://res.cloudinary.com/jnto/image/upload/w_670,h_450,c_fill,fl_lossy,f_auto//w_670,h_450,c_fill,fl_lossy,f_auto/v1513935014/tokyo/Tokyo2371_3",,
역사,다카오산야쿠오인사원,"다카오산야쿠오인사원(高尾山?王院)은 도쿄 근교의 명산 다카오산 정상 부근에 위치한 유서 깊은 불교 사찰로, 산악 신앙과 텐구 신앙, 아름다운 자연 경관, 다양한 수행 체험 등으로 많은 이들에게 사랑받는 명소","2177 Takao-machi, Hachioji-shi, Tokyo-to","https://res.cloudinary.com/jnto/image/upload/w_670,h_450,c_fill,fl_lossy,f_auto//w_670,h_450,c_fill,fl_lossy,f_auto/v1513935800/tokyo/Tokyo2375_2",,
자연,다카오산자연동식물원,다카오산 산기슭에서 지역의 동식물에 대해 배울 수 있는 자연 뮤지엄,"2179 Takaomachi, Hachioji City, Tokyo 193-0844, Japan","https://res.cloudinary.com/jnto/image/upload/w_670,h_450,c_fill,fl_lossy,f_auto//w_670,h_450,c_fill,fl_lossy,f_auto/v1513935372/tokyo/Tokyo2386_1",,300
역사,담배소금박물관,"담배와 소금의 역사와 문화를 폭넓게 다룹니다. 일본뿐 아니라 세계 각국의 관련 유물과 자료, 체험형 전시, 흥미로운 특별전 등으로 누구나 흥미롭게 관람할 수 있는 명소","1-16-3 Yokokawa, Sumida-ku, Tokyo-to","https://res.cloudinary.com/jnto/image/upload/w_670,h_450,c_fill,fl_lossy,f_auto//w_670,h_450,c_fill,fl_lossy,f_auto/v1517748194/tokyo/Tokyo2772_1",,100
역사,도검박물관,"일본도를 비롯한 전통 무기와 금속공예의 예술, 역사, 기술을 깊이 있게 체험할 수 있는 전문 박물관","1-12-9, Yokoami, Sumida-ku, Tokyo-to","https://res.cloudinary.com/jnto/image/upload/w_670,h_450,c_fill,fl_lossy,f_auto//w_670,h_450,c_fill,fl_lossy,f_auto/v1519784645/tokyo/Tokyo2815_3",,600
자연,도도로키계곡,도쿄에서 유일한 계곡에서 즐기는 시원한 그늘과 길들여지지 않은 본래 자연의 모습,"1-1-22 Todoroki, Setagaya-ku, Tokyo-to","https://res.cloudinary.com/jnto/image/upload/w_670,h_450,c_fill,fl_lossy,f_auto//w_670,h_450,c_fill,fl_lossy,f_auto/v1513938651/tokyo/Tokyo2338_6",,
랜드마크,도요스 시장,도쿄의 역사적인 랜드마크를 위한 새로운 최첨단 시설,"6-6-1 Toyosu, Koto-ku, Tokyo-to","https://res.cloudinary.com/jnto/image/upload/w_670,h_450,c_fill,fl_lossy,f_auto//w_670,h_450,c_fill,fl_lossy,f_auto/v1580799690/tokyo/2034_1",,
역사,도쿄 국립근대미술관,고쿄 경내에 전시된 최첨단 미술 작품,"3-1 Kitanomaru Koen, Chiyoda-ku, Tokyo-to","https://res.cloudinary.com/jnto/image/upload/w_670,h_450,c_fill,fl_lossy,f_auto//w_670,h_450,c_fill,fl_lossy,f_auto/v1650345642/tokyo/H_00490_001",,500
역사,도쿄 돔과 그 주변,"야구, 콘서트, 엔터테인먼트의 중심지 및 인근의 고풍스러운 17세기 정원","1-3-61 Koraku, Bunkyo City, Tokyo","https://res.cloudinary.com/jnto/image/upload/w_670,h_450,c_fill,fl_lossy,f_auto//w_670,h_450,c_fill,fl_lossy,f_auto/v1635746309/tokyo/H_00548_003",,
자연,도쿄 수도권,"멋진 등산 코스와 놀이공원, 사케 양조장, 원숭이를 만날 수 있는 도쿄 외곽 의외의 명소","2-8-1 Nishishinjuku, Shinjuku City, Tokyo","https://res.cloudinary.com/jnto/image/upload/w_670,h_450,c_fill,fl_lossy,f_auto//w_670,h_450,c_fill,fl_lossy,f_auto/v1513945700/tokyo/Tokyo2368_5",,
자연,도쿄 수족관,도쿄 디즈니 리조트 근처의 세계적인 수족관,"6-2-3 Rinkai-cho, Edogawa-ku, Tokyo-to","https://res.cloudinary.com/jnto/image/upload/w_670,h_450,c_fill,fl_lossy,f_auto//w_670,h_450,c_fill,fl_lossy,f_auto/v1675342282/tokyo/Tokyo_s_id24_1",,
축제,도쿄 재즈 페스티벌,도쿄 최대 규모의 재즈 페스티벌에서 더위 식히기,"2-34-6 Umegaoka, Setagaya-ku, Tokyo-to","https://res.cloudinary.com/jnto/image/upload/w_670,h_450,c_fill,fl_lossy,f_auto//w_670,h_450,c_fill,fl_lossy,f_auto/v1518100073/tokyo/Tokyo2787_1",9.1-9.3,
랜드마크,도쿄 타워와 그 주변,"도쿄를 상징하는 랜드마크, 밝은 조명이 비추는 중심지, 풍부한 문화와 평화로운 에도 시대의 유산","4-2-8 Shibakoen, Minato City, Tokyo","https://res.cloudinary.com/jnto/image/upload/w_670,h_450,c_fill,fl_lossy,f_auto//w_670,h_450,c_fill,fl_lossy,f_auto/v1513938197/tokyo/Tokyo2260_1",,
역사,도쿄국립박물관,일본의 과거와 문화를 연대기 순으로 보여주는 특별한 박물관,"13-9 Ueno Park, Taito-ku, Tokyo","https://res.cloudinary.com/jnto/image/upload/w_670,h_450,c_fill,fl_lossy,f_auto//w_670,h_450,c_fill,fl_lossy,f_auto/v1646308634/tokyo/M_01301_003",,1000
역사,도쿄국립신미술관,몸과 마음에 모두 최고의 시각적 자극을 선사하는 세계 최고의 전시 공간,"7-22-2 Roppongi, Minato-ku, Tokyo-to","https://res.cloudinary.com/jnto/image/upload/w_670,h_450,c_fill,fl_lossy,f_auto//w_670,h_450,c_fill,fl_lossy,f_auto/v1654228225/tokyo/H_00605_006",,500
축제,도쿄국제영화제,"10일간 유명 스타와 영화, 심포지엄 등 다양한 프로그램으로 롯폰기를 점령하는 국제영화제","Hibiya, Ginza, and Yurakucho in Tokyo","https://res.cloudinary.com/jnto/image/upload/w_670,h_450,c_fill,fl_lossy,f_auto//w_670,h_450,c_fill,fl_lossy,f_auto/v1646307248/tokyo/M_01118_001",10.25-11.3,
랜드마크,도쿄국제포럼,"유리와 강철로 만들어 하늘 높이 솟은 내륙의 배, 다양한 행사의 무대 겸 현대 미술의 중심지","3-5-1 Marunouchi, Chiyoda-ku, Tokyo-to","https://res.cloudinary.com/jnto/image/upload/w_670,h_450,c_fill,fl_lossy,f_auto//w_670,h_450,c_fill,fl_lossy,f_auto/v1513935309/tokyo/Tokyo2254_12",,
역사,도쿄도사진미술관,전 세계에서도 찾아보기 힘든 '사진 및 영상' 전문 미술관입니다,"Yebisu Garden Place 1-13-3 Mita, Meguro-ku, Tokyo-to","https://res.cloudinary.com/jnto/image/upload/w_670,h_450,c_fill,fl_lossy,f_auto//w_670,h_450,c_fill,fl_lossy,f_auto/v1513934961/tokyo/Tokyo2255_2",,500
랜드마크,도쿄도정원미술관,"현재의 도쿄도 정원 미술관은, 아사카노미야 야스히코 왕이 1930년에 프랑스에서 귀국한 후에 건설한 역사 깊은 대저택입니다.","5-21-9 Shirokanedai, Minato-ku, Tokyo-to","https://res.cloudinary.com/jnto/image/upload/w_670,h_450,c_fill,fl_lossy,f_auto//w_670,h_450,c_fill,fl_lossy,f_auto/v1513935316/tokyo/Tokyo2341_1",,1100
랜드마크,도쿄도청,도쿄에서 가장 붐비는 복합 시설에서 감상하는 도시의 장관,"2-8-1 Nishishinjuku, Shinjuku-ku, Tokyo-to","https://res.cloudinary.com/jnto/image/upload/w_670,h_450,c_fill,fl_lossy,f_auto//w_670,h_450,c_fill,fl_lossy,f_auto/v1513936431/tokyo/Tokyo2323_2",,
역사,도쿄도현대미술관,"일본 최대 규모의 현대미술 전문 미술관으로, 1945년 이후 일본과 세계의 현대미술을 폭넓게 소개하는 대표적인 문화 명소","4-1-1 Miyoshi, Koto-ku, Tokyo-to","https://res.cloudinary.com/jnto/image/upload/w_670,h_450,c_fill,fl_lossy,f_auto//w_670,h_450,c_fill,fl_lossy,f_auto/v1668486615/tokyo/Tokyo_t_id306_1",,500
랜드마크,도쿄돔,도쿄 중심부의 거대한 경기장와 엔터테인먼트 단지,"1-3-61 Koraku, Bunkyo-ku, Tokyo-to","https://res.cloudinary.com/jnto/image/upload/w_670,h_450,c_fill,fl_lossy,f_auto//w_670,h_450,c_fill,fl_lossy,f_auto/v1635746309/tokyo/H_00548_003",,
축제,도쿄마라톤,"세계 최고의 육상 선수, 괴짜 시합 마니아를 비롯한 수만 명의 참가자가 몰리는 아시아 유일의 대규모...",Tokyo-to,"https://res.cloudinary.com/jnto/image/upload/w_670,h_450,c_fill,fl_lossy,f_auto//w_670,h_450,c_fill,fl_lossy,f_auto/v1646305609/tokyo/M_01103_004",3.3,
액티비티,도쿄모터쇼,"자동차 마니아의 천국, 특별 시운전 체험까지","3-11-1 Ariake, Koto-ku, Tokyo-to","https://res.cloudinary.com/jnto/image/upload/w_670,h_450,c_fill,fl_lossy,f_auto//w_670,h_450,c_fill,fl_lossy,f_auto/v1653021050/tokyo/M_01093_002",,
액티비티,도쿄소라마치,도쿄 스카이트리 타운 내에 위치한 대형 복합 쇼핑몰,"1-1-2 Oshiage, Sumida-ku, Tokyo-to","https://res.cloudinary.com/jnto/image/upload/w_670,h_450,c_fill,fl_lossy,f_auto//w_670,h_450,c_fill,fl_lossy,f_auto/v1517682122/tokyo/Tokyo2309_6",,
액티비티,도쿄수상버스,제임스 본드풍 선박부터 알록달록한 선박까지 다양한 종류의 배를 타고 도쿄 물길을 탐험해보세요.,"2-2-11 Kaigan, Minato-ku, Tokyo-to","https://res.cloudinary.com/jnto/image/upload/w_670,h_450,c_fill,fl_lossy,f_auto//w_670,h_450,c_fill,fl_lossy,f_auto/v1513935785/tokyo/Tokyo2310_3",,1000
축제,도쿄스모경기,도쿄에서 스모를 직관할 수 있는 절호의 기회,"1-3-28 Yokoami, Sumida-ku, Tokyo-to","https://res.cloudinary.com/jnto/image/upload/w_670,h_450,c_fill,fl_lossy,f_auto//w_670,h_450,c_fill,fl_lossy,f_auto/v1513933954/tokyo/Tokyo2293_8",1.13-1.27,3800
랜드마크,도쿄스카이트리,일본에서 가장 높은 건물에서 보는 도쿄 시내 조감도,"1-1-2 Oshiage, Sumida-ku, Tokyo-to","https://res.cloudinary.com/jnto/image/upload/w_670,h_450,c_fill,fl_lossy,f_auto//w_670,h_450,c_fill,fl_lossy,f_auto/v1513936454/tokyo/Tokyo2307_1",,2100
역사,도쿄역,겉으로 보기에 전통을 고수하는 도쿄역 안에 숨은 최첨단 쇼핑몰과 맛집,"1-9 Marunouchi, Chiyoda-ku, Tokyo-to","https://res.cloudinary.com/jnto/image/upload/w_670,h_450,c_fill,fl_lossy,f_auto//w_670,h_450,c_fill,fl_lossy,f_auto/v1513936386/tokyo/Tokyo2258_24",,
랜드마크,도쿄예술극장,"콘서트, 연극, 무용 등을 위한 세계적인 수준의 예술 공연장","1-8-1 Nishiikebukuro, Toshima-ku, Tokyo-to","https://res.cloudinary.com/jnto/image/upload/w_670,h_450,c_fill,fl_lossy,f_auto//w_670,h_450,c_fill,fl_lossy,f_auto/v1513936790/tokyo/Tokyo2306_4",,
자연,도쿄의 섬들,남쪽으로 갈수록 점점 더 아름다운 장관이 펼쳐지는 화산섬 행렬,"1-1-1 Kozushima-mura, Tokyo","https://res.cloudinary.com/jnto/image/upload/w_670,h_450,c_fill,fl_lossy,f_auto//w_670,h_450,c_fill,fl_lossy,f_auto/v1513934422/tokyo/Tokyo2383_8",,
랜드마크,도쿄증권거래소,The engine that drives Tokyo's great economy,"2-1 Nihonbashi Kabuto-cho, Chuo-ku, Tokyo-to","https://res.cloudinary.com/jnto/image/upload/w_670,h_450,c_fill,fl_lossy,f_auto//w_670,h_450,c_fill,fl_lossy,f_auto/v1692850096/tokyo/Tokyo_t2023_M_01117_1_edit3",,
랜드마크,도쿄타워,드넓은 대도시 한가운데 빛나는 불빛,"4-2-8 Shibakoen, Minato-ku, Tokyo-to","https://res.cloudinary.com/jnto/image/upload/w_670,h_450,c_fill,fl_lossy,f_auto//w_670,h_450,c_fill,fl_lossy,f_auto/v1646014276/tokyo/H_00658_001",,1200
자연,레인보우브리지,오다이바와 시바우라 부두를 연결하며 관광 명소로 자리 잡은 레인보우 브리지와 조명,"Minato-ku, Tokyo-to","https://res.cloudinary.com/jnto/image/upload/w_670,h_450,c_fill,fl_lossy,f_auto//w_670,h_450,c_fill,fl_lossy,f_auto/v1513945790/tokyo/Tokyo2358_1",,
랜드마크,롯폰기,"도쿄 시내 고급 첨단 문화의 중심지에서 시각 미술 감상, 밤놀이 문화 탐방","Minato-ku, Tokyo-to","https://res.cloudinary.com/jnto/image/upload/w_670,h_450,c_fill,fl_lossy,f_auto//w_670,h_450,c_fill,fl_lossy,f_auto/v1646047672/tokyo/pixta_66466545_M",,
랜드마크,롯폰기 & 아카사카,재일 외국인들이 많이 찾는 도쿄 최고의 유흥 및 문화생활의 중심지,"6-10-1 Roppongi, Minato City, Tokyo","https://res.cloudinary.com/jnto/image/upload/w_670,h_450,c_fill,fl_lossy,f_auto//w_670,h_450,c_fill,fl_lossy,f_auto/v1513936599/tokyo/Tokyo2247_9",,
역사,료고쿠,스모의 고향이자 복고의 매력으로 유명한 곳,"1-3-28 Yokoami, Sumida City, Tokyo","https://res.cloudinary.com/jnto/image/upload/w_670,h_450,c_fill,fl_lossy,f_auto//w_670,h_450,c_fill,fl_lossy,f_auto/v1513934437/tokyo/Tokyo2293_10",,
액티비티,료코쿠국기관,"일본 전통 스포츠인 스모를 가장 가까이에서, 그리고 가장 생생하게 체험할 수 있는 대표적인 명소입니다.","1-3-28 Yokoami, Sumida-ku, Tokyo-to","https://res.cloudinary.com/jnto/image/upload/w_670,h_450,c_fill,fl_lossy,f_auto//w_670,h_450,c_fill,fl_lossy,f_auto/v1513934437/tokyo/Tokyo2293_10",,3800
자연,리쿠기엔 정원,에도 시대 대표 다이묘 정원의 아름다움과 일본 전통 조경의 정수를 느낄 수 있는 도쿄의 명소,"6-16-3 Honkomagome, Bunkyo-ku, Tokyo-to","https://res.cloudinary.com/jnto/image/upload/w_670,h_450,c_fill,fl_lossy,f_auto//w_670,h_450,c_fill,fl_lossy,f_auto/v1513938072/tokyo/Tokyo2290_5",,300
역사,메이지진구신궁,도쿄의 최신 대중문화와 유구한 역사가 만나는 곳,"1-1 Yoyogikamizono-cho, Shibuya-ku, Tokyo-to","https://res.cloudinary.com/jnto/image/upload/w_670,h_450,c_fill,fl_lossy,f_auto//w_670,h_450,c_fill,fl_lossy,f_auto/v1513945803/tokyo/Tokyo2331_8",,
랜드마크,모리미술관,"도쿄 롯폰기 힐즈의 모리 타워 53층에 위치한 일본을 대표하는 현대미술관으로, 국제적인 현대미술 전시, 야경 전망, 늦은 개관 시간 등 다양한 매력으로 예술 애호가와 여행객 모두에게 추천받는 명소","53F, Roppongi Hills Mori Tower, 6-10-1 Roppongi, Minato-ku, Tokyo","https://res.cloudinary.com/jnto/image/upload/w_670,h_450,c_fill,fl_lossy,f_auto//w_670,h_450,c_fill,fl_lossy,f_auto/v1636941192/tokyo/M_00596_001",,2000
액티비티,미야케섬(미야케지마),"아열대 화산섬에서 즐기는 하이킹, 온천, 다이빙과 돌고래 관찰",Tokyo-to,"https://res.cloudinary.com/jnto/image/upload/w_670,h_450,c_fill,fl_lossy,f_auto//w_670,h_450,c_fill,fl_lossy,f_auto/v1646732908/tokyo/M_00521_010",,
자연,미타케산,인상적인 신사와 이끼로 덮인 돌 정원을 볼 수 있는 인기 하이킹 명소,"Ome-shi, Tokyo-to","https://res.cloudinary.com/jnto/image/upload/w_670,h_450,c_fill,fl_lossy,f_auto//w_670,h_450,c_fill,fl_lossy,f_auto/v1543475790/tokyo/1631_1",,
자연,미하라산,"일본의 이즈 제도 이즈오섬에 솟아있는 화산으로, 성층 화산이다. 한국어로는 삼원산으로 불린다.","Izu Oshima Island, Tokyo-to","https://res.cloudinary.com/jnto/image/upload/w_670,h_450,c_fill,fl_lossy,f_auto//w_670,h_450,c_fill,fl_lossy,f_auto/v1516447512/tokyo/Tokyo2236_2",,
역사,배과학관,바다 애호가들이 열광하는 배 모양 박물관,"3-1 Higashi Yashio, Shinagawa-ku, Tokyo-to","https://res.cloudinary.com/jnto/image/upload/w_670,h_450,c_fill,fl_lossy,f_auto//w_670,h_450,c_fill,fl_lossy,f_auto/v1645757105/tokyo/M_00540_002",,600
역사,산노마루 쇼조칸 황실 박물관,무료로 황실 소유의 광범위한 예술 작품 소장품 구경,"1-8 Chiyoda, Chiyoda-ku, Tokyo-to","https://res.cloudinary.com/jnto/image/upload/w_670,h_450,c_fill,fl_lossy,f_auto//w_670,h_450,c_fill,fl_lossy,f_auto/v1700097412/tokyo/tokyo1723_1",,
축제,산노축제,기념 축제와 도쿄식 숭배의식,"2-10-5 Nagata-cho, Chiyoda-ku, Tokyo-to","https://res.cloudinary.com/jnto/image/upload/w_670,h_450,c_fill,fl_lossy,f_auto//w_670,h_450,c_fill,fl_lossy,f_auto/v1516447629/tokyo/Tokyo2248_2",,
랜드마크,산리오퓨로랜드,헬로키티를 위시한 산리오의 귀여운 캐릭터 친구들이 사는 깜찍한 세상 속으로,"1-31 Ochiai, Tama-shi, Tokyo-to","https://res.cloudinary.com/jnto/image/upload/w_670,h_450,c_fill,fl_lossy,f_auto//w_670,h_450,c_fill,fl_lossy,f_auto/v1648466617/tokyo/H_00547_001",,3900
축제,산자축제,센소지 사원에서 열리는 사흘간의 봄맞이 축제,"2-3-1 Asakusa, Taito-ku, Tokyo-to","https://res.cloudinary.com/jnto/image/upload/w_670,h_450,c_fill,fl_lossy,f_auto//w_670,h_450,c_fill,fl_lossy,f_auto/v1513934903/tokyo/Tokyo2267_2",5.18-5.20,
역사,산토리 도쿄 무사시노 맥주공장,현지 특산주를 맛보고 제조 과정을 살펴보세요,"3-3-1 Yazaki-cho, Fuchu-shi, Tokyo-to","https://res.cloudinary.com/jnto/image/upload/w_670,h_450,c_fill,fl_lossy,f_auto//w_670,h_450,c_fill,fl_lossy,f_auto/v1519784879/tokyo/Tokyo2821_2",,
역사,산토리미술관,"생활 속의 미'를 테마로 일본 미술을 중심으로 한 회화, 도자기, 칠공예, 염색, 유리 등 약 3,000건의 작품을 소장하고 있습니다","3F Tokyo Midtown Galleria, 9-7-4 Akasaka, Minato-ku, Tokyo-to","https://res.cloudinary.com/jnto/image/upload/w_670,h_450,c_fill,fl_lossy,f_auto//w_670,h_450,c_fill,fl_lossy,f_auto/v1668411054/tokyo/Tokyo_t_id286_2",,1500
랜드마크,선샤인 시티,인기 있는 엔터테인먼트 중심지 선샤인 시티의 일부로 우뚝 솟은 도쿄의 랜드마크,"3-1 Higashiikebukuro, Toshima-ku, Tokyo-to","https://res.cloudinary.com/jnto/image/upload/w_670,h_450,c_fill,fl_lossy,f_auto//w_670,h_450,c_fill,fl_lossy,f_auto/v1647834380/tokyo/M_01108_001",,
자연,선샤인수족관,옥상 수족관과 하늘에서 만나는 수중의 오아시스,"3-1 Higashiikebukuro, Toshima-ku, Tokyo-to","https://res.cloudinary.com/jnto/image/upload/w_670,h_450,c_fill,fl_lossy,f_auto//w_670,h_450,c_fill,fl_lossy,f_auto/v1646734746/tokyo/H_00676_005",,2400
역사,센소지,"도쿄에서 가장 유명한 사찰에서 만나는 시끌벅적한 시장, 신성한 연기와 복을 비는 기원 의식","2-3-1 Asakusa, Taito-ku, Tokyo-to","https://res.cloudinary.com/jnto/image/upload/w_670,h_450,c_fill,fl_lossy,f_auto//w_670,h_450,c_fill,fl_lossy,f_auto/v1675339920/tokyo/Tokyo_s_id19_18",,
역사,쇼와관,전시 일본 백성의 역경을 보여주는 전시물,"1-6-1 Kudanminami, Chiyoda-ku, Tokyo-to","https://res.cloudinary.com/jnto/image/upload/w_670,h_450,c_fill,fl_lossy,f_auto//w_670,h_450,c_fill,fl_lossy,f_auto/v1513934615/tokyo/Tokyo2242_2",,300
자연,쇼와기념공원,다치카와시 교외에 있는 쇼와 기념 공원은 180헥타르의 광대한 부지를 자랑하는 국영공원입니다.,"3173 Midori-cho, Tachikawa-shi, Tokyo-to","https://res.cloudinary.com/jnto/image/upload/w_670,h_450,c_fill,fl_lossy,f_auto//w_670,h_450,c_fill,fl_lossy,f_auto/v1513934781/tokyo/Tokyo2373_1",,450
역사,스모박물관,"일본 전통 스포츠인 스모의 역사와 문화를 깊이 있게 체험할 수 있는 전문 박물관으로, 도쿄 스미다구 료고쿠 국기관(스모 경기장) 1층에 위치해 있습니다.","1-3-28 Yokoami, Sumida-ku, Tokyo-to","https://res.cloudinary.com/jnto/image/upload/w_670,h_450,c_fill,fl_lossy,f_auto//w_670,h_450,c_fill,fl_lossy,f_auto/v1516745065/lazyload-placeholder_muhsz3.jpg",,
축제,스미다가와불꽃축제,다채로운 여름날 저녁,"Sumida-ku, Tokyo-to","https://res.cloudinary.com/jnto/image/upload/w_670,h_450,c_fill,fl_lossy,f_auto//w_670,h_450,c_fill,fl_lossy,f_auto/v1513934431/tokyo/Tokyo2299_3",7.28,
자연,스미다공원,"스미다공원은 도쿄 스카이트리와 스미다강을 배경으로 사계절 내내 다양한 매력을 선사하는 도심 속 대표 공원입니다. 벚꽃과 불꽃놀이, 산책과 야경, 가족 단위 휴식까지 모두 만족","1-2-5 Mukoujima, Sumida-ku, Tokyo-to","https://res.cloudinary.com/jnto/image/upload/w_670,h_450,c_fill,fl_lossy,f_auto//w_670,h_450,c_fill,fl_lossy,f_auto/v1517190608/tokyo/Tokyo2298_5",,
축제,스미다공원벚꽃축제,강변 공원에 만발한 분홍빛 꽃송이,"Taito-ku, Tokyo-to","https://res.cloudinary.com/jnto/image/upload/w_670,h_450,c_fill,fl_lossy,f_auto//w_670,h_450,c_fill,fl_lossy,f_auto/v1645786693/tokyo/M_00564_001",,
자연,스미다수족관,"다양한 해양 생물과 특별한 체험, 가족 단위 방문객에게도 매력적인 공간입니다.","1-1-2 Oshiage, Sumida-ku, Tokyo-to","https://res.cloudinary.com/jnto/image/upload/w_670,h_450,c_fill,fl_lossy,f_auto//w_670,h_450,c_fill,fl_lossy,f_auto/v1513933960/tokyo/Tokyo2295_2",,2050
랜드마크,스미다호쿠사이미술관,스미다에서 가장 유명한 예술가를 기리는 곳,"2-2-7-2 Kamezawa, Sumida-ku, Tokyo-to","https://res.cloudinary.com/jnto/image/upload/w_670,h_450,c_fill,fl_lossy,f_auto//w_670,h_450,c_fill,fl_lossy,f_auto/v1671706996/tokyo/Tokyo_t_id435_1",,1000
역사,스이텐구신사,임신이나 순산을 기원하는 도심의 신사. 니혼바시에 있는 스이텐구 신궁은 아이를 원하는 부부들이나 순산을 기원하는 여성들이 끊임없이 찾아옵니다.,"2-4-1 Nihonbashi Hongoku-cho, Chuo-ku, Tokyo-to","https://res.cloudinary.com/jnto/image/upload/w_670,h_450,c_fill,fl_lossy,f_auto//w_670,h_450,c_fill,fl_lossy,f_auto/v1516735407/fukuoka/Fukuoka1628_1",,
자연,시모키타자와,"바쁜 도시 생활의 완벽한 해독제, 도쿄 시내의 느긋한 창의력 표현의 장","Setagaya-ku, Tokyo-to","https://res.cloudinary.com/jnto/image/upload/w_670,h_450,c_fill,fl_lossy,f_auto//w_670,h_450,c_fill,fl_lossy,f_auto/v1513934102/tokyo/Tokyo2334_1",,
액티비티,시바우라,"다양한 식당과 주점이 있으며, 산책이나 수상버스, 바닷가 전망을 즐기기에 좋은 곳입니다.","Minato-ku, Tokyo-to","https://res.cloudinary.com/jnto/image/upload/w_670,h_450,c_fill,fl_lossy,f_auto//w_670,h_450,c_fill,fl_lossy,f_auto/v1516449017/tokyo/Tokyo2360_3",,
랜드마크,시부야,도쿄 최첨단 문화의 중심지,"Shibuya-ku, Tokyo-to","https://res.cloudinary.com/jnto/image/upload/w_670,h_450,c_fill,fl_lossy,f_auto//w_670,h_450,c_fill,fl_lossy,f_auto/v1513936730/tokyo/Tokyo2333_3",,
액티비티,시부야 & 시모키타자와,최첨단과 레트로 양쪽을 모두 체험할 수 있는 시부야와 시모키타자와 산책,"2-24-12 Shibuya, Shibuya City, Tokyo","https://res.cloudinary.com/jnto/image/upload/w_670,h_450,c_fill,fl_lossy,f_auto//w_670,h_450,c_fill,fl_lossy,f_auto/v1513936730/tokyo/Tokyo2333_3",,
랜드마크,시부야 스크램블 스퀘어 ‘시부야 스카이’ 및 미야시타 파크,"시부야역과 직결된 도쿄 시부야의 초고층 복합 빌딩으로, 시부야에서 가장 높은 229m의 마천루","2-24-12 Shibuya, Shibuya-ku, Tokyo-to","https://res.cloudinary.com/jnto/image/upload/w_670,h_450,c_fill,fl_lossy,f_auto//w_670,h_450,c_fill,fl_lossy,f_auto/v1676974929/tokyo/Tokyo_s_id67_8",,2000
랜드마크,시부야스크램블교차로,도쿄에서 가장 번화한 교차로,"Shibuya-ku, Tokyo-to","https://res.cloudinary.com/jnto/image/upload/w_670,h_450,c_fill,fl_lossy,f_auto//w_670,h_450,c_fill,fl_lossy,f_auto/v1516980091/tokyo/Tokyo2333_13",,
액티비티,시오도메,도쿄의 개발 지역을 특징짓는 현란한 고층 빌딩과 저렴한 음식점,"Minato-ku, Tokyo-to","https://res.cloudinary.com/jnto/image/upload/w_670,h_450,c_fill,fl_lossy,f_auto//w_670,h_450,c_fill,fl_lossy,f_auto/v1516449041/tokyo/Tokyo2361_5",,
랜드마크,신국립 경기장,도쿄 2020 신국립 경기장,"10-1 Kasumigaokamachi, Shinjuku-ku, Tokyo-to","https://res.cloudinary.com/jnto/image/upload/w_670,h_450,c_fill,fl_lossy,f_auto//w_670,h_450,c_fill,fl_lossy,f_auto/v1585015947/tokyo/2037_1",,
랜드마크,신국립극장도쿄,"세계 최고의 환경에서 오페라, 연극, 발레의 장엄함 체험하기","1-1-1 Hon-machi, Shinjuku-ku, Tokyo-to","https://res.cloudinary.com/jnto/image/upload/w_670,h_450,c_fill,fl_lossy,f_auto//w_670,h_450,c_fill,fl_lossy,f_auto/v1526623428/tokyo/newnationaltheatre_01",,
액티비티,신주쿠,"본격적으로 다 내려놓고 도쿄를 즐길 수 있는 곳, 네온 조명이 환한 신주쿠","1-1-6 Nishishinjuku, Shinjuku City, Tokyo","https://res.cloudinary.com/jnto/image/upload/w_670,h_450,c_fill,fl_lossy,f_auto//w_670,h_450,c_fill,fl_lossy,f_auto/v1513945890/tokyo/Tokyo2335_10",,
자연,신주쿠교엔,한때 황족만 볼 수 있었던 넓은 정원이 이제 도심 속 오아시스로,"11 Naito-machi, Shinjuku-ku, Tokyo-to","https://res.cloudinary.com/jnto/image/upload/w_670,h_450,c_fill,fl_lossy,f_auto//w_670,h_450,c_fill,fl_lossy,f_auto/v1644482411/tokyo/H_00640_IMG_2656.jpg",,500
자연,신주쿠교엔벚꽃,도쿄 최고의 하나미(꽃놀이) 명소,"11 Naito-machi, Shinjuku-ku, Tokyo-to","https://res.cloudinary.com/jnto/image/upload/w_670,h_450,c_fill,fl_lossy,f_auto//w_670,h_450,c_fill,fl_lossy,f_auto/v1643269873/tokyo/IMG_2561",,500
역사,쓰키지,"시장 상인들의 번화한 커뮤니티, 서구의 영향력을 느낄 수 있는 유적지, 유람선이 기다리는 곳","Tsukiji, Chuo-ku, Tokyo-to","https://res.cloudinary.com/jnto/image/upload/w_670,h_450,c_fill,fl_lossy,f_auto//w_670,h_450,c_fill,fl_lossy,f_auto/v1646013708/tokyo/H_00399_002",,
액티비티,쓰키지 야외 시장,일본에서 가장 유명한 시장을 탐방하고 땅과 바다의 재료로 만든 이국적이고 푸짐한 음식 맛보기,"5-2-1 Tsukiji, Chuo-ku, Tokyo-to","https://res.cloudinary.com/jnto/image/upload/w_670,h_450,c_fill,fl_lossy,f_auto//w_670,h_450,c_fill,fl_lossy,f_auto/v1646013708/tokyo/H_00399_002",,
역사,쓰키지혼간지사원,"도쿄 주오구 쓰키지에 위치한 정토진종 혼간지파의 대표 사찰로, 일본 내에서도 이국적인 건축미와 독특한 역사로 유명한 명소","3-15-1 Tsukiji, Chuo-ku, Tokyo-to","https://res.cloudinary.com/jnto/image/upload/w_670,h_450,c_fill,fl_lossy,f_auto//w_670,h_450,c_fill,fl_lossy,f_auto/v1635753243/tokyo/M_00582_001",,
액티비티,아메요코 상점가,도쿄 우에노역과 오카치마치역 사이를 잇는 약 400~500m 길이의 고가철도 아래에 형성된 활기 넘치는 재래시장,"4/6 Ueno, Taito-ku, Tokyo-to","https://res.cloudinary.com/jnto/image/upload/w_670,h_450,c_fill,fl_lossy,f_auto//w_670,h_450,c_fill,fl_lossy,f_auto/v1513937117/tokyo/Tokyo2264_6",,
역사,아사쿠사,"고색창연한 센소지부터 현대적인 도쿄 스카이트리까지, 과거와 현재가 어우러진 아사쿠사","2-3-1 Asakusa, Taito City, Tokyo","https://res.cloudinary.com/jnto/image/upload/w_670,h_450,c_fill,fl_lossy,f_auto//w_670,h_450,c_fill,fl_lossy,f_auto/v1646013222/tokyo/H_00498_001",,
축제,아사쿠사도리노이치,복을 긁어모으러 아사쿠사 도리노이치 축제로,"3-19-6 Senzoku, Taito-ku, Tokyo-to","https://res.cloudinary.com/jnto/image/upload/w_670,h_450,c_fill,fl_lossy,f_auto//w_670,h_450,c_fill,fl_lossy,f_auto/v1513938296/tokyo/Tokyo2311_11","11.1, 11.13, 11.15",
역사,아이다미츠오미술관,영혼이 담긴 서도(서예),"3-5-1 Marunouchi, Chiyoda-ku, Tokyo-to","https://res.cloudinary.com/jnto/image/upload/w_670,h_450,c_fill,fl_lossy,f_auto//w_670,h_450,c_fill,fl_lossy,f_auto/v1516745065/lazyload-placeholder_muhsz3.jpg",,1200
액티비티,아카사카,"일본 도쿄의 중심지 중 하나이다. TBS 테레비 본사가 이곳에 있으며, 한때 유명 호텔이었던 아카사카 프린스 호텔도 이곳에 있었다.","Minato-ku, Tokyo-to","https://res.cloudinary.com/jnto/image/upload/w_670,h_450,c_fill,fl_lossy,f_auto//w_670,h_450,c_fill,fl_lossy,f_auto/v1644986187/tokyo/Tokyo1737_1",,
액티비티,아카사카사카스,"아카사카 사카스는 일본 도쿄 미나토구 아카사카에 위치한 대규모 복합 문화·상업 시설 단지로, TBS(도쿄 방송) 방송센터를 중심으로 다양한 엔터테인먼트, 쇼핑, 레스토랑, 오피스, 주거 시설이 집약된 ‘도시 속의 도시’입니다","5-3-6 Akasaka, Minato-ku, Tokyo-to","https://res.cloudinary.com/jnto/image/upload/w_670,h_450,c_fill,fl_lossy,f_auto//w_670,h_450,c_fill,fl_lossy,f_auto/v1644986187/tokyo/Tokyo1737_1",,
축제,아코의사제,전설이 된 충성스러운 무사들을 기리는 유서 깊은 축제,"2-11-1 Takanawa, Minato-ku, Tokyo-to","https://res.cloudinary.com/jnto/image/upload/w_670,h_450,c_fill,fl_lossy,f_auto//w_670,h_450,c_fill,fl_lossy,f_auto/v1517190635/tokyo/Tokyo2662_1",12.14,
액티비티,아키하바라,"아키하바라 - 오타쿠 문화, 아니메와 독특한 카페가 많은 에너지 넘치는 도심","Taito-ku, Tokyo-to","https://res.cloudinary.com/jnto/image/upload/w_670,h_450,c_fill,fl_lossy,f_auto//w_670,h_450,c_fill,fl_lossy,f_auto/v1516980036/tokyo/Tokyo2608_1",,
역사,야구전당박물관,"일본 야구전당박물관은 도쿄 돔 내에 위치한 일본 최초이자 대표적인 야구 전문 박물관으로, 일본 야구의 역사와 문화, 명예의 전당을 한자리에서 체험할 수 있는 특별한 명소","1-3-61 Koraku, Bunkyo-ku, Tokyo-to","https://res.cloudinary.com/jnto/image/upload/w_670,h_450,c_fill,fl_lossy,f_auto//w_670,h_450,c_fill,fl_lossy,f_auto/v1513934637/tokyo/Tokyo2302_2",,600
랜드마크,"얀센(야나카,네즈,센다기,혼고)","복고적인 분위기와 푸짐한 식사, 커피와 캔디 고질라를 볼 수 있는 도쿄의 구시가지","Bunkyo-ku, Tokyo-to","https://res.cloudinary.com/jnto/image/upload/w_670,h_450,c_fill,fl_lossy,f_auto//w_670,h_450,c_fill,fl_lossy,f_auto/v1513935482/tokyo/Tokyo2316_1",,
역사,에도 도쿄 건축박물관,과거 수 세기 동안 자리를 지킨 건물들이 늘어선 골목 산책,"3-7-1 Sakura-cho, Koganei-shi, Tokyo-to (located within Koganei Park)","https://res.cloudinary.com/jnto/image/upload/w_670,h_450,c_fill,fl_lossy,f_auto//w_670,h_450,c_fill,fl_lossy,f_auto/v1671448288/tokyo/Tokyo_t_id385_1",,400
역사,에도도쿄박물관,"에도도쿄박물관(江?東京博物館)은 도쿄 스미다구 료고쿠에 위치한, 에도 시대부터 현대 도쿄에 이르기까지 약 400년간의 도시 역사와 문화를 실감나게 체험할 수 있는 대형 역사 박물관","1-4-1 Yokoami, Sumida-ku, Tokyo-to","https://res.cloudinary.com/jnto/image/upload/w_670,h_450,c_fill,fl_lossy,f_auto//w_670,h_450,c_fill,fl_lossy,f_auto/v1516447913/tokyo/Tokyo2268_4",,600
역사,에도성,일본 황궁(고쿄) 부지에 자리한 일본 역사상 가장 중요한 성 중 하나,"1-1 Chiyoda, Chiyoda-ku, Tokyo-to","https://res.cloudinary.com/jnto/image/upload/w_670,h_450,c_fill,fl_lossy,f_auto//w_670,h_450,c_fill,fl_lossy,f_auto/v1513938173/tokyo/Tokyo2229_9",,
랜드마크,에비스가든플레이스,도쿄도 시부야구 및 메구로구에 걸치는 복합 시설,"4-20-20 Ebisu, Shibuya-ku, Tokyo-to","https://res.cloudinary.com/jnto/image/upload/w_670,h_450,c_fill,fl_lossy,f_auto//w_670,h_450,c_fill,fl_lossy,f_auto/v1707291341/tokyo/Tokyo_t2023_M_00556_1",,
역사,영빈관아카사카별궁,"영빈관 아카사카별궁은 도쿄 미나토구 모토아카사카에 위치한 일본의 대표적인 국빈 접대 시설이자, 일본 유일의 네오바로크 양식 궁전","2-1-1 Moto-Akasaka, Minato-ku, Tokyo-to","https://res.cloudinary.com/jnto/image/upload/w_670,h_450,c_fill,fl_lossy,f_auto//w_670,h_450,c_fill,fl_lossy,f_auto/v1525674337/tokyo/akasaka_state_palace04",,
액티비티,오가사와라제도,생태 관광의 명소로 때 묻지 않은 천연의 해변과 수상 어드벤처 스포츠로 유명한 태평양 한복판의 외딴...,"Ogasawara Islands, Tokyo-to","https://res.cloudinary.com/jnto/image/upload/w_670,h_450,c_fill,fl_lossy,f_auto//w_670,h_450,c_fill,fl_lossy,f_auto/v1513934416/tokyo/Tokyo2379_9",,
액티비티,오다이바,도쿄만에 면한 쇼핑과 유흥 낙원,"1-6-1 Daiba, Minato City, Tokyo","https://res.cloudinary.com/jnto/image/upload/w_670,h_450,c_fill,fl_lossy,f_auto//w_670,h_450,c_fill,fl_lossy,f_auto/v1513936609/tokyo/Tokyo2355_6",,
자연,오다이바해변공원,바다 건너 펼쳐진 도쿄의 스카이라인,"1-4 Daiba, Minato-ku, Tokyo-to","https://res.cloudinary.com/jnto/image/upload/w_670,h_450,c_fill,fl_lossy,f_auto//w_670,h_450,c_fill,fl_lossy,f_auto/v1513936609/tokyo/Tokyo2355_6",,
액티비티,오모테산도&아오야마,"명품 쇼핑을 원한다면 도쿄의 샹젤리제와 아오야마, 오모테산도 추천","Minato-ku, Tokyo-to","https://res.cloudinary.com/jnto/image/upload/w_670,h_450,c_fill,fl_lossy,f_auto//w_670,h_450,c_fill,fl_lossy,f_auto/v1513937588/tokyo/Tokyo2324_4",,
자연,오쿠타마,산이 많은 도쿄 뒷마당으로 가벼운 도시 탈출 여행,"Nishitama District, Okutama, Tokyo","https://res.cloudinary.com/jnto/image/upload/w_670,h_450,c_fill,fl_lossy,f_auto//w_670,h_450,c_fill,fl_lossy,f_auto/v1513938752/tokyo/Tokyo2368_3",,
자연,오쿠타마호,도쿄 서쪽 산자락에 자리 잡은 인공 저수지. 오쿠타마호의 깊고 푸른 물이 저 멀리 수평선까지 이어집니다.,"Nishitama District, Okutama, Tokyo","https://res.cloudinary.com/jnto/image/upload/w_670,h_450,c_fill,fl_lossy,f_auto//w_670,h_450,c_fill,fl_lossy,f_auto/v1513935204/tokyo/Tokyo2367_2",,
랜드마크,요미우리랜드,"요미우리랜드는 도쿄 도심에서 가까운 위치에 자리한 대형 놀이공원으로, 사계절 내내 다양한 즐길 거리와 체험, 가족부터 연인, 친구까지 모두 만족할 수 있는 명소","4015-1 Yanokuchi, Inagi-shi, Tokyo-to","https://res.cloudinary.com/jnto/image/upload/w_670,h_450,c_fill,fl_lossy,f_auto//w_670,h_450,c_fill,fl_lossy,f_auto/v1644985602/tokyo/Tokyo1625_main",,1800
자연,요요기공원,만인의 사랑을 받는 요요기 공원,"2-1 Yoyogikamizono-cho, Shibuya-ku, Tokyo-to","https://res.cloudinary.com/jnto/image/upload/w_670,h_450,c_fill,fl_lossy,f_auto//w_670,h_450,c_fill,fl_lossy,f_auto/v1513934184/tokyo/Tokyo2342_3",,
자연,우에노,"예술과 동물, 실생활이 어우러진 다채로운 즐거움","Taito-ku, Tokyo-to","https://res.cloudinary.com/jnto/image/upload/w_670,h_450,c_fill,fl_lossy,f_auto//w_670,h_450,c_fill,fl_lossy,f_auto/v1513937117/tokyo/Tokyo2264_6",,
랜드마크,우에노 & 아키하바라,"랜드마크 공원과 동물원, 문화예술과 강렬한 팝 컬처의 만남","8-36 Ueno Park, Taito City, Tokyo","https://res.cloudinary.com/jnto/image/upload/w_670,h_450,c_fill,fl_lossy,f_auto//w_670,h_450,c_fill,fl_lossy,f_auto/v1513937406/tokyo/Tokyo2264_4",,
자연,우에노 공원(도쿄),"문화 시설, 사원, 넓은 동물원, 그리고 봄철의 벚꽃","5-20 Uenokoen, Taito-ku, Tokyo-to","https://res.cloudinary.com/jnto/image/upload/w_670,h_450,c_fill,fl_lossy,f_auto//w_670,h_450,c_fill,fl_lossy,f_auto/v1513935022/tokyo/Tokyo2315_1",,
랜드마크,우에노 동물원,"판다, 고릴라를 비롯한 크고 작은 동물이 사는 곳","9-83 Uenokoen, Taito-ku, Tokyo-to","https://res.cloudinary.com/jnto/image/upload/w_670,h_450,c_fill,fl_lossy,f_auto//w_670,h_450,c_fill,fl_lossy,f_auto/v1675395719/tokyo/Tokyo_s_id25_9",,600
축제,우에노벚꽃축제,도쿄의 벚꽃 구경 명소,"5-20 Uenokoen, Taito-ku, Tokyo-to","https://res.cloudinary.com/jnto/image/upload/w_670,h_450,c_fill,fl_lossy,f_auto//w_670,h_450,c_fill,fl_lossy,f_auto/v1513938345/tokyo/Tokyo2313_1",,
랜드마크,워너브라더스 스튜디오 투어 도쿄 - 더 메이킹 오브 해리 포터,최대 규모의 실내 해리 포터 체험형 전시관,"1-1-7 Kasugacho, Nerima-ku, Tokyo-to","https://res.cloudinary.com/jnto/image/upload/w_670,h_450,c_fill,fl_lossy,f_auto//w_670,h_450,c_fill,fl_lossy,f_auto/v1701764333/tokyo/Tokyo_s2023_ID1_36",,6300
역사,유시마텐만구신사,학문의 신을 모시는 곳으로 특히 수험생과 학문을 중시하는 이들에게 사랑받는 명소입니다,"3-30-1 Yushima, Bunkyo-ku, Tokyo-to","https://res.cloudinary.com/jnto/image/upload/w_670,h_450,c_fill,fl_lossy,f_auto//w_670,h_450,c_fill,fl_lossy,f_auto/v1513934753/tokyo/Tokyo2317_6",,
자연,이노카시라공원벚꽃,도쿄에서 가장 예쁜 공원 겸 최고의 벚꽃놀이 명소,"1-18-31 Gotenyama, Musashino-shi, Tokyo-to","https://res.cloudinary.com/jnto/image/upload/w_670,h_450,c_fill,fl_lossy,f_auto//w_670,h_450,c_fill,fl_lossy,f_auto/v1513934855/tokyo/Tokyo2366_1",,
랜드마크,이데미쓰 미술관,70 years of collector's passion,"3-1-1 Marunouchi, Chiyoda-ku, Tokyo-to","https://res.cloudinary.com/jnto/image/upload/w_670,h_450,c_fill,fl_lossy,f_auto//w_670,h_450,c_fill,fl_lossy,f_auto/v1668667893/tokyo/Tokyo_t_id342_1",,1200
액티비티,이즈오섬,하이킹 코스와 더불어 흥미로운 지질 특성을 구경할 수 있는 도쿄 해안의 아열대 화산섬,"Izu Islands, Tokyo-to","https://res.cloudinary.com/jnto/image/upload/w_670,h_450,c_fill,fl_lossy,f_auto//w_670,h_450,c_fill,fl_lossy,f_auto/v1513935995/tokyo/Tokyo2380_3",,
액티비티,이즈제도,"비교적 덜 알려진 도쿄 도내 다도해의 깊은 숲과 화산성 온천, 해양 스포츠",Tokyo-to,"https://res.cloudinary.com/jnto/image/upload/w_670,h_450,c_fill,fl_lossy,f_auto//w_670,h_450,c_fill,fl_lossy,f_auto/v1513934387/tokyo/Tokyo2382_1",,
자연,이초나미키가로수길,아오야마와 메이지 진구 가이엔 공원을 연결하는 황금빛 나무의 통로,"Minato-ku, Tokyo-to","https://res.cloudinary.com/jnto/image/upload/w_670,h_450,c_fill,fl_lossy,f_auto//w_670,h_450,c_fill,fl_lossy,f_auto/v1513938563/tokyo/Tokyo2326_1",,
역사,이케가미혼몬지사원,니치렌과 관련 있는 이야기가 깃든 불교 사원,"1-1-1 Ikegami, Ota-ku, Tokyo-to","https://res.cloudinary.com/jnto/image/upload/w_670,h_450,c_fill,fl_lossy,f_auto//w_670,h_450,c_fill,fl_lossy,f_auto/v1513935154/tokyo/Tokyo2349_12",,
축제,이케가미혼몬지어회식법회,매년 30만 명의 손님이 찾는 기념 축제,"1-1-1 Ikegami, Ota-ku, Tokyo-to","https://res.cloudinary.com/jnto/image/upload/w_670,h_450,c_fill,fl_lossy,f_auto//w_670,h_450,c_fill,fl_lossy,f_auto/v1517338253/tokyo/Tokyo2349_14",10.11-10.13,
자연,이케부쿠로,의외의 색다른 대중문화의 한 측면과 훌륭한 정원을 볼 수 있는 재미난 여행지 이케부쿠로,"1-28-2 Higashiikebukuro, Toshima City, Tokyo","https://res.cloudinary.com/jnto/image/upload/w_670,h_450,c_fill,fl_lossy,f_auto//w_670,h_450,c_fill,fl_lossy,f_auto/v1516728972/tokyo/Tokyo2270_8",,
역사,일본과학미래관,전 세계 최신 기술과 새로운 발견을 선보이는 곳,"2-3-6 Aomi, Koto-ku, Tokyo-to","https://res.cloudinary.com/jnto/image/upload/w_670,h_450,c_fill,fl_lossy,f_auto//w_670,h_450,c_fill,fl_lossy,f_auto/v1513934707/tokyo/Tokyo2354_1",,620
액티비티,일본무도관,도쿄 지요다구 기타노마루 공원에 위치한 일본 전통 무술과 대중문화를 대표하는 다목적 실내 경기장입니다.,"2-3 Kitanomaru Koen, Chiyoda-ku, Tokyo-to","https://res.cloudinary.com/jnto/image/upload/w_670,h_450,c_fill,fl_lossy,f_auto//w_670,h_450,c_fill,fl_lossy,f_auto/v1513937015/tokyo/Tokyo2245_2",,
역사,일본은행본점,"도쿄 니혼바시에 위치한 일본의 중앙은행 본점으로, 역사적·건축적 가치와 함께 내부 견학, 화폐박물관 등 다양한 체험 요소를 갖춘 명소","2-1-1 Nihonbashi Hongoku-cho, Chuo-ku, Tokyo-to","https://res.cloudinary.com/jnto/image/upload/w_670,h_450,c_fill,fl_lossy,f_auto//w_670,h_450,c_fill,fl_lossy,f_auto/v1513933652/tokyo/Tokyo2220_1",,
역사,일본은행화폐박물관,세계 각국의 화폐 역사를 한눈에 볼 수 있는 전문 박물관,"1-3-1 Nihonbashi Hongoku-cho, Chuo-ku, Tokyo-to","https://res.cloudinary.com/jnto/image/upload/w_670,h_450,c_fill,fl_lossy,f_auto//w_670,h_450,c_fill,fl_lossy,f_auto/v1648122373/tokyo/M_00606_001",,
자연,자연교육원,"자연교육원은 도쿄 미나토구 시로카네다이에 위치한 도심 속 대규모 자연 녹지로, 국립 과학박물관이 운영하는 부속 시설입니다.","5-5-21-5 Shirokanedai, Minato-ku, Tokyo-to","https://res.cloudinary.com/jnto/image/upload/w_670,h_450,c_fill,fl_lossy,f_auto//w_670,h_450,c_fill,fl_lossy,f_auto/v1668655352/tokyo/Tokyo_t_id340_4",,
역사,조조지사원,"도쿄 미나토구 시바공원에 위치한 일본 정토종(淨土宗)의 대표 사찰로, 도쿄타워 바로 옆에 자리해 현대와 전통이 어우러진 풍경으로 유명합니다.","4-7-35 Shibakoen, Minato-ku, Tokyo-to","https://res.cloudinary.com/jnto/image/upload/w_670,h_450,c_fill,fl_lossy,f_auto//w_670,h_450,c_fill,fl_lossy,f_auto/v1645756607/tokyo/M_00534_001",,
역사,종이박물관,"종이를 사랑하고, 오직 종이만이 가진 독특한 매력을 아는 모든 이들을 위한 체험형 박물관","1-1-3 Oji, Kita-ku, Tokyo-to","https://res.cloudinary.com/jnto/image/upload/w_670,h_450,c_fill,fl_lossy,f_auto//w_670,h_450,c_fill,fl_lossy,f_auto/v1513935403/tokyo/Tokyo2289_3",,300
자연,지도리가후치,"도쿄 황궁(고쿄) 서쪽에 위치한 해자(성곽의 물길)와 그 주변 산책로, 공원 일대를 일컫는 명소","Kudanminami 2 to Sanban-cho, Chiyoda-ku, Tokyo-to","https://res.cloudinary.com/jnto/image/upload/w_670,h_450,c_fill,fl_lossy,f_auto//w_670,h_450,c_fill,fl_lossy,f_auto/v1513937447/tokyo/Tokyo2222_12",,
자연,치치지마섬,유네스코 세계자연유산에 등재된 천혜의 자연을 간직한 섬입니다,"Ogasawara Islands, Tokyo-to","https://res.cloudinary.com/jnto/image/upload/w_670,h_450,c_fill,fl_lossy,f_auto//w_670,h_450,c_fill,fl_lossy,f_auto/v1513935254/tokyo/Tokyo2377_2",,
랜드마크,키자니아 도쿄,재미로 가득한 키자니아,"Urban Dock LaLaport Toyosu 1 North Port 3F, 2-4-9 Toyosu, Koto-ku, Tokyo-to","https://res.cloudinary.com/jnto/image/upload/w_670,h_450,c_fill,fl_lossy,f_auto//w_670,h_450,c_fill,fl_lossy,f_auto/v1645757207/tokyo/M_00541_001",,4750
역사,팀랩 플래닛 TOKYO DMM,초대형 디지털 아트공간,"6-1-16 Toyosu , Koto-ku, Tokyo-to","https://res.cloudinary.com/jnto/image/upload/w_670,h_450,c_fill,fl_lossy,f_auto//w_670,h_450,c_fill,fl_lossy,f_auto/v1630477164/tokyo/Tokyo2137_main",,380
랜드마크,하네다 공항 주변,도쿄 최초의 공항 겸 국내선 항공편의 주된 교통의 요지,"3-3-2 Hanedakuko, Ota City, Tokyo","https://res.cloudinary.com/jnto/image/upload/w_670,h_450,c_fill,fl_lossy,f_auto//w_670,h_450,c_fill,fl_lossy,f_auto/v1513935287/tokyo/Tokyo2348_6",,
랜드마크,하네다공항,도쿄 최초의 공항이자 가장 붐비는 공항,"3 Chome, Hanedakuko, Ota-ku, Tokyo-to","https://res.cloudinary.com/jnto/image/upload/w_670,h_450,c_fill,fl_lossy,f_auto//w_670,h_450,c_fill,fl_lossy,f_auto/v1513935287/tokyo/Tokyo2348_6",,
액티비티,하라주쿠,일본 스트리트 패션의 중심지 하라주쿠는 일본에서 유행하는 패션 그 자체를 의미합니다,"Shibuya-ku, Tokyo-to","https://res.cloudinary.com/jnto/image/upload/w_670,h_450,c_fill,fl_lossy,f_auto//w_670,h_450,c_fill,fl_lossy,f_auto/v1513934486/tokyo/Tokyo2324_3",,
액티비티,하라주쿠 & 오모테산도,도쿄 시내에 서로 어깨를 맞댄 교외 지역과 패션 천국,"1-19-13 Jingumae, Shibuya City, Tokyo","https://res.cloudinary.com/jnto/image/upload/w_670,h_450,c_fill,fl_lossy,f_auto//w_670,h_450,c_fill,fl_lossy,f_auto/v1516980080/tokyo/Tokyo2324_6",,
자연,하마리큐 은사정원,"대도시 한가운데 자리 잡은 오아시스, 비교적 덜 알려진 황실과 막부의 정원","1-1 Hamarikyuteien, Chuo-ku, Tokyo","https://res.cloudinary.com/jnto/image/upload/w_670,h_450,c_fill,fl_lossy,f_auto//w_670,h_450,c_fill,fl_lossy,f_auto/v1513936438/tokyo/Tokyo2346_2",,300
자연,하마리큐 은사정원 벚꽃,평온한 정원에서 조명을 받아 빛나는 벚꽃,"1-1 Hamarikyuteien, Chuo-ku, Tokyo","https://res.cloudinary.com/jnto/image/upload/w_670,h_450,c_fill,fl_lossy,f_auto//w_670,h_450,c_fill,fl_lossy,f_auto/v1513936322/tokyo/Tokyo2359_1",,300
액티비티,하치조섬(하치조지마),"아열대 섬에서 즐기는 해변 온천, 해양 스포츠와 자연의 신비",Tokyo-to,"https://res.cloudinary.com/jnto/image/upload/w_670,h_450,c_fill,fl_lossy,f_auto//w_670,h_450,c_fill,fl_lossy,f_auto/v1513937137/tokyo/Tokyo2378_2",,
액티비티,하하지마섬,"오염되지 않은 섬 안식처에서 트레킹, 스노클링, 그리고 슬로우 라이프 즐기기","Ogasawara Islands, Tokyo-to","https://res.cloudinary.com/jnto/image/upload/w_670,h_450,c_fill,fl_lossy,f_auto//w_670,h_450,c_fill,fl_lossy,f_auto/v1513934373/tokyo/Tokyo2379_7",,
자연,히가시교엔,에도성 성터에 조성된 꽃밭과 숲,"1-1 Chiyoda, Chiyoda-ku, Tokyo-to","https://res.cloudinary.com/jnto/image/upload/w_670,h_450,c_fill,fl_lossy,f_auto//w_670,h_450,c_fill,fl_lossy,f_auto/v1513937490/tokyo/Tokyo2234_1",,
공원,히비야공원,A green haven among skyscrapers,"1 Hibiyakoen, Chiyoda-ku, Tokyo-to","https://res.cloudinary.com/jnto/image/upload/w_670,h_450,c_fill,fl_lossy,f_auto//w_670,h_450,c_fill,fl_lossy,f_auto/v1513946024/tokyo/Tokyo2226_6",,
역사,히에신사,도쿄의 수호신을 모시는 신사입니다. 특히 6월에 열리는 산노마쓰리 축제로 유명,"2-10-5 Nagata-cho, Chiyoda-ku, Tokyo-to","https://res.cloudinary.com/jnto/image/upload/w_670,h_450,c_fill,fl_lossy,f_auto//w_670,h_450,c_fill,fl_lossy,f_auto/v1513938584/tokyo/Tokyo2228_10",,
